Asal,Tujuan,Pintu,Provinsi,Value,Kategori
Afrika Lainnya,"Aruk, Kalimantan Barat",Aruk,Kalimantan Barat,3,Kelompok
Afrika Lainnya,"Atambua, NTT",Atambua,Nusa Tenggara Timur,45,Kelompok
Afrika Lainnya,"Bandara Internasional Lombok, NTB",Bandara Internasional Lombok,Nusa Tenggara Barat,158,Kelompok
Afrika Lainnya,"Bandara Internasional Yogyakarta, DIY",Bandara Internasional Yogyakarta,DI Yogyakarta,74,Kelompok
Afrika Lainnya,"Batam, Kepulauan Riau",Batam,Kepulauan Riau,284,Kelompok
Afrika Lainnya,"Dumai, Riau",Dumai,Riau,10,Kelompok
Afrika Lainnya,"Entikong, Kalimantan Barat",Entikong,Kalimantan Barat,8,Kelompok
Afrika Lainnya,"Halim Perdanakusuma, DK Jakarta",Halim Perdanakusuma,DKI Jakarta,1,Kelompok
Afrika Lainnya,"Hang Nadim, Kep. Riau",Hang Nadim,Kepulauan Riau,13,Kelompok
Afrika Lainnya,"Hasanuddin, Sulawesi Selatan",Hasanuddin,Sulawesi Selatan,8,Kelompok
Afrika Lainnya,"Juanda, Jawa Timur",Juanda,Jawa Timur,264,Kelompok
Afrika Lainnya,"Kertajati, Jawa Barat",Kertajati,Jawa Barat,69,Kelompok
Afrika Lainnya,"Kualanamu, Sumatera Utara",Kualanamu,Sumatera Utara,203,Kelompok
Afrika Lainnya,"Minangkabau, Sumatera Barat",Minangkabau,Sumatera Barat,57,Kelompok
Afrika Lainnya,"Nangga Badau, Kalimantan Barat",Nangga Badau,Kalimantan Barat,0,Kelompok
Afrika Lainnya,"Ngurah Rai, Bali",Ngurah Rai,Bali,38912,Kelompok
Afrika Lainnya,Perbatasan darat,Perbatasan darat,Perbatasan darat,24,Kelompok
Afrika Lainnya,Perbatasan laut,Perbatasan laut,Perbatasan laut,217,Kelompok
Afrika Lainnya,Pintu lainnya,Pintu lainnya,Pintu lainnya,38,Kelompok
Afrika Lainnya,"Sam Ratulangi, Sulawesi Utara",Sam Ratulangi,Sulawesi Utara,7,Kelompok
Afrika Lainnya,"Sepinggan, Kalimantan Timur",Sepinggan,Kalimantan Timur,15,Kelompok
Afrika Lainnya,"Skow, Papua",Skow,Papua,1,Kelompok
Afrika Lainnya,"Soekarno Hatta, Banten",Soekarno Hatta,Banten,14942,Kelompok
Afrika Lainnya,"Sultan Iskandar Muda, Aceh",Sultan Iskandar Muda,Aceh,14,Kelompok
Afrika Lainnya,"Sultan Syarif Kasim II, Riau",Sultan Syarif Kasim II,Riau,25,Kelompok
Afrika Lainnya,"Tanjung Balai Karimun, Kepulauan Riau",Tanjung Balai Karimun,Kepulauan Riau,3,Kelompok
Afrika Lainnya,"Tanjung Benoa, Bali",Tanjung Benoa,Bali,8,Kelompok
Afrika Lainnya,"Tanjung Pinang, Kepulauan Riau",Tanjung Pinang,Kepulauan Riau,13,Kelompok
Afrika Lainnya,"Tanjung Uban, Kepulauan Riau",Tanjung Uban,Kepulauan Riau,133,Kelompok
Afrika Selatan,"Aruk, Kalimantan Barat",Aruk,Kalimantan Barat,2,Negara
Afrika Selatan,"Atambua, NTT",Atambua,Nusa Tenggara Timur,1,Negara
Afrika Selatan,"Bandara Internasional Lombok, NTB",Bandara Internasional Lombok,Nusa Tenggara Barat,231,Negara
Afrika Selatan,"Bandara Internasional Yogyakarta, DIY",Bandara Internasional Yogyakarta,DI Yogyakarta,33,Negara
Afrika Selatan,"Batam, Kepulauan Riau",Batam,Kepulauan Riau,439,Negara
Afrika Selatan,"Dumai, Riau",Dumai,Riau,0,Negara
Afrika Selatan,"Entikong, Kalimantan Barat",Entikong,Kalimantan Barat,5,Negara
Afrika Selatan,"Halim Perdanakusuma, DK Jakarta",Halim Perdanakusuma,DKI Jakarta,0,Negara
Afrika Selatan,"Hang Nadim, Kep. Riau",Hang Nadim,Kepulauan Riau,16,Negara
Afrika Selatan,"Hasanuddin, Sulawesi Selatan",Hasanuddin,Sulawesi Selatan,16,Negara
Afrika Selatan,"Juanda, Jawa Timur",Juanda,Jawa Timur,131,Negara
Afrika Selatan,"Kertajati, Jawa Barat",Kertajati,Jawa Barat,5,Negara
Afrika Selatan,"Kualanamu, Sumatera Utara",Kualanamu,Sumatera Utara,111,Negara
Afrika Selatan,"Minangkabau, Sumatera Barat",Minangkabau,Sumatera Barat,76,Negara
Afrika Selatan,"Nangga Badau, Kalimantan Barat",Nangga Badau,Kalimantan Barat,0,Negara
Afrika Selatan,"Ngurah Rai, Bali",Ngurah Rai,Bali,28032,Negara
Afrika Selatan,Perbatasan darat,Perbatasan darat,Perbatasan darat,5,Negara
Afrika Selatan,Perbatasan laut,Perbatasan laut,Perbatasan laut,151,Negara
Afrika Selatan,Pintu lainnya,Pintu lainnya,Pintu lainnya,178,Negara
Afrika Selatan,"Sam Ratulangi, Sulawesi Utara",Sam Ratulangi,Sulawesi Utara,82,Negara
Afrika Selatan,"Sepinggan, Kalimantan Timur",Sepinggan,Kalimantan Timur,8,Negara
Afrika Selatan,"Skow, Papua",Skow,Papua,0,Negara
Afrika Selatan,"Soekarno Hatta, Banten",Soekarno Hatta,Banten,3135,Negara
Afrika Selatan,"Sultan Iskandar Muda, Aceh",Sultan Iskandar Muda,Aceh,10,Negara
Afrika Selatan,"Sultan Syarif Kasim II, Riau",Sultan Syarif Kasim II,Riau,26,Negara
Afrika Selatan,"Tanjung Balai Karimun, Kepulauan Riau",Tanjung Balai Karimun,Kepulauan Riau,4,Negara
Afrika Selatan,"Tanjung Benoa, Bali",Tanjung Benoa,Bali,57,Negara
Afrika Selatan,"Tanjung Pinang, Kepulauan Riau",Tanjung Pinang,Kepulauan Riau,16,Negara
Afrika Selatan,"Tanjung Uban, Kepulauan Riau",Tanjung Uban,Kepulauan Riau,365,Negara
Amerika Lainnya,"Aruk, Kalimantan Barat",Aruk,Kalimantan Barat,0,Kelompok
Amerika Lainnya,"Atambua, NTT",Atambua,Nusa Tenggara Timur,25,Kelompok
Amerika Lainnya,"Bandara Internasional Lombok, NTB",Bandara Internasional Lombok,Nusa Tenggara Barat,35,Kelompok
Amerika Lainnya,"Bandara Internasional Yogyakarta, DIY",Bandara Internasional Yogyakarta,DI Yogyakarta,191,Kelompok
Amerika Lainnya,"Batam, Kepulauan Riau",Batam,Kepulauan Riau,303,Kelompok
Amerika Lainnya,"Dumai, Riau",Dumai,Riau,0,Kelompok
Amerika Lainnya,"Entikong, Kalimantan Barat",Entikong,Kalimantan Barat,2,Kelompok
Amerika Lainnya,"Halim Perdanakusuma, DK Jakarta",Halim Perdanakusuma,DKI Jakarta,2,Kelompok
Amerika Lainnya,"Hang Nadim, Kep. Riau",Hang Nadim,Kepulauan Riau,1,Kelompok
Amerika Lainnya,"Hasanuddin, Sulawesi Selatan",Hasanuddin,Sulawesi Selatan,3,Kelompok
Amerika Lainnya,"Juanda, Jawa Timur",Juanda,Jawa Timur,108,Kelompok
Amerika Lainnya,"Kertajati, Jawa Barat",Kertajati,Jawa Barat,0,Kelompok
Amerika Lainnya,"Kualanamu, Sumatera Utara",Kualanamu,Sumatera Utara,83,Kelompok
Amerika Lainnya,"Minangkabau, Sumatera Barat",Minangkabau,Sumatera Barat,24,Kelompok
Amerika Lainnya,"Nangga Badau, Kalimantan Barat",Nangga Badau,Kalimantan Barat,0,Kelompok
Amerika Lainnya,"Ngurah Rai, Bali",Ngurah Rai,Bali,15643,Kelompok
Amerika Lainnya,Perbatasan darat,Perbatasan darat,Perbatasan darat,1,Kelompok
Amerika Lainnya,Perbatasan laut,Perbatasan laut,Perbatasan laut,44,Kelompok
Amerika Lainnya,Pintu lainnya,Pintu lainnya,Pintu lainnya,425,Kelompok
Amerika Lainnya,"Sam Ratulangi, Sulawesi Utara",Sam Ratulangi,Sulawesi Utara,3,Kelompok
Amerika Lainnya,"Sepinggan, Kalimantan Timur",Sepinggan,Kalimantan Timur,2,Kelompok
Amerika Lainnya,"Skow, Papua",Skow,Papua,2,Kelompok
Amerika Lainnya,"Soekarno Hatta, Banten",Soekarno Hatta,Banten,2768,Kelompok
Amerika Lainnya,"Sultan Iskandar Muda, Aceh",Sultan Iskandar Muda,Aceh,6,Kelompok
Amerika Lainnya,"Sultan Syarif Kasim II, Riau",Sultan Syarif Kasim II,Riau,7,Kelompok
Amerika Lainnya,"Tanjung Balai Karimun, Kepulauan Riau",Tanjung Balai Karimun,Kepulauan Riau,1,Kelompok
Amerika Lainnya,"Tanjung Benoa, Bali",Tanjung Benoa,Bali,40,Kelompok
Amerika Lainnya,"Tanjung Pinang, Kepulauan Riau",Tanjung Pinang,Kepulauan Riau,6,Kelompok
Amerika Lainnya,"Tanjung Uban, Kepulauan Riau",Tanjung Uban,Kepulauan Riau,104,Kelompok
Amerika Selatan,"Aruk, Kalimantan Barat",Aruk,Kalimantan Barat,5,Negara
Amerika Selatan,"Atambua, NTT",Atambua,Nusa Tenggara Timur,114,Negara
Amerika Selatan,"Bandara Internasional Lombok, NTB",Bandara Internasional Lombok,Nusa Tenggara Barat,348,Negara
Amerika Selatan,"Bandara Internasional Yogyakarta, DIY",Bandara Internasional Yogyakarta,DI Yogyakarta,364,Negara
Amerika Selatan,"Batam, Kepulauan Riau",Batam,Kepulauan Riau,1033,Negara
Amerika Selatan,"Dumai, Riau",Dumai,Riau,6,Negara
Amerika Selatan,"Entikong, Kalimantan Barat",Entikong,Kalimantan Barat,11,Negara
Amerika Selatan,"Halim Perdanakusuma, DK Jakarta",Halim Perdanakusuma,DKI Jakarta,2,Negara
Amerika Selatan,"Hang Nadim, Kep. Riau",Hang Nadim,Kepulauan Riau,3,Negara
Amerika Selatan,"Hasanuddin, Sulawesi Selatan",Hasanuddin,Sulawesi Selatan,13,Negara
Amerika Selatan,"Juanda, Jawa Timur",Juanda,Jawa Timur,372,Negara
Amerika Selatan,"Kertajati, Jawa Barat",Kertajati,Jawa Barat,7,Negara
Amerika Selatan,"Kualanamu, Sumatera Utara",Kualanamu,Sumatera Utara,372,Negara
Amerika Selatan,"Minangkabau, Sumatera Barat",Minangkabau,Sumatera Barat,228,Negara
Amerika Selatan,"Nangga Badau, Kalimantan Barat",Nangga Badau,Kalimantan Barat,0,Negara
Amerika Selatan,"Ngurah Rai, Bali",Ngurah Rai,Bali,62048,Negara
Amerika Selatan,Perbatasan darat,Perbatasan darat,Perbatasan darat,23,Negara
Amerika Selatan,Perbatasan laut,Perbatasan laut,Perbatasan laut,1531,Negara
Amerika Selatan,Pintu lainnya,Pintu lainnya,Pintu lainnya,307,Negara
Amerika Selatan,"Sam Ratulangi, Sulawesi Utara",Sam Ratulangi,Sulawesi Utara,36,Negara
Amerika Selatan,"Sepinggan, Kalimantan Timur",Sepinggan,Kalimantan Timur,10,Negara
Amerika Selatan,"Skow, Papua",Skow,Papua,23,Negara
Amerika Selatan,"Soekarno Hatta, Banten",Soekarno Hatta,Banten,10122,Negara
Amerika Selatan,"Sultan Iskandar Muda, Aceh",Sultan Iskandar Muda,Aceh,22,Negara
Amerika Selatan,"Sultan Syarif Kasim II, Riau",Sultan Syarif Kasim II,Riau,98,Negara
Amerika Selatan,"Tanjung Balai Karimun, Kepulauan Riau",Tanjung Balai Karimun,Kepulauan Riau,11,Negara
Amerika Selatan,"Tanjung Benoa, Bali",Tanjung Benoa,Bali,24,Negara
Amerika Selatan,"Tanjung Pinang, Kepulauan Riau",Tanjung Pinang,Kepulauan Riau,38,Negara
Amerika Selatan,"Tanjung Uban, Kepulauan Riau",Tanjung Uban,Kepulauan Riau,709,Negara
Amerika Serikat,"Aruk, Kalimantan Barat",Aruk,Kalimantan Barat,51,Negara
Amerika Serikat,"Atambua, NTT",Atambua,Nusa Tenggara Timur,107,Negara
Amerika Serikat,"Bandara Internasional Lombok, NTB",Bandara Internasional Lombok,Nusa Tenggara Barat,1816,Negara
Amerika Serikat,"Bandara Internasional Yogyakarta, DIY",Bandara Internasional Yogyakarta,DI Yogyakarta,2674,Negara
Amerika Serikat,"Batam, Kepulauan Riau",Batam,Kepulauan Riau,9491,Negara
Amerika Serikat,"Dumai, Riau",Dumai,Riau,15,Negara
Amerika Serikat,"Entikong, Kalimantan Barat",Entikong,Kalimantan Barat,70,Negara
Amerika Serikat,"Halim Perdanakusuma, DK Jakarta",Halim Perdanakusuma,DKI Jakarta,338,Negara
Amerika Serikat,"Hang Nadim, Kep. Riau",Hang Nadim,Kepulauan Riau,89,Negara
Amerika Serikat,"Hasanuddin, Sulawesi Selatan",Hasanuddin,Sulawesi Selatan,216,Negara
Amerika Serikat,"Juanda, Jawa Timur",Juanda,Jawa Timur,6507,Negara
Amerika Serikat,"Kertajati, Jawa Barat",Kertajati,Jawa Barat,17,Negara
Amerika Serikat,"Kualanamu, Sumatera Utara",Kualanamu,Sumatera Utara,3658,Negara
Amerika Serikat,"Minangkabau, Sumatera Barat",Minangkabau,Sumatera Barat,584,Negara
Amerika Serikat,"Nangga Badau, Kalimantan Barat",Nangga Badau,Kalimantan Barat,1,Negara
Amerika Serikat,"Ngurah Rai, Bali",Ngurah Rai,Bali,257704,Negara
Amerika Serikat,Perbatasan darat,Perbatasan darat,Perbatasan darat,30,Negara
Amerika Serikat,Perbatasan laut,Perbatasan laut,Perbatasan laut,26064,Negara
Amerika Serikat,Pintu lainnya,Pintu lainnya,Pintu lainnya,14453,Negara
Amerika Serikat,"Sam Ratulangi, Sulawesi Utara",Sam Ratulangi,Sulawesi Utara,1347,Negara
Amerika Serikat,"Sepinggan, Kalimantan Timur",Sepinggan,Kalimantan Timur,105,Negara
Amerika Serikat,"Skow, Papua",Skow,Papua,17,Negara
Amerika Serikat,"Soekarno Hatta, Banten",Soekarno Hatta,Banten,84988,Negara
Amerika Serikat,"Sultan Iskandar Muda, Aceh",Sultan Iskandar Muda,Aceh,204,Negara
Amerika Serikat,"Sultan Syarif Kasim II, Riau",Sultan Syarif Kasim II,Riau,234,Negara
Amerika Serikat,"Tanjung Balai Karimun, Kepulauan Riau",Tanjung Balai Karimun,Kepulauan Riau,43,Negara
Amerika Serikat,"Tanjung Benoa, Bali",Tanjung Benoa,Bali,2483,Negara
Amerika Serikat,"Tanjung Pinang, Kepulauan Riau",Tanjung Pinang,Kepulauan Riau,250,Negara
Amerika Serikat,"Tanjung Uban, Kepulauan Riau",Tanjung Uban,Kepulauan Riau,4640,Negara
Amerika Tengah,"Aruk, Kalimantan Barat",Aruk,Kalimantan Barat,0,Negara
Amerika Tengah,"Atambua, NTT",Atambua,Nusa Tenggara Timur,0,Negara
Amerika Tengah,"Bandara Internasional Lombok, NTB",Bandara Internasional Lombok,Nusa Tenggara Barat,7,Negara
Amerika Tengah,"Bandara Internasional Yogyakarta, DIY",Bandara Internasional Yogyakarta,DI Yogyakarta,27,Negara
Amerika Tengah,"Batam, Kepulauan Riau",Batam,Kepulauan Riau,23,Negara
Amerika Tengah,"Dumai, Riau",Dumai,Riau,1,Negara
Amerika Tengah,"Entikong, Kalimantan Barat",Entikong,Kalimantan Barat,1,Negara
Amerika Tengah,"Halim Perdanakusuma, DK Jakarta",Halim Perdanakusuma,DKI Jakarta,0,Negara
Amerika Tengah,"Hang Nadim, Kep. Riau",Hang Nadim,Kepulauan Riau,0,Negara
Amerika Tengah,"Hasanuddin, Sulawesi Selatan",Hasanuddin,Sulawesi Selatan,0,Negara
Amerika Tengah,"Juanda, Jawa Timur",Juanda,Jawa Timur,14,Negara
Amerika Tengah,"Kertajati, Jawa Barat",Kertajati,Jawa Barat,1,Negara
Amerika Tengah,"Kualanamu, Sumatera Utara",Kualanamu,Sumatera Utara,11,Negara
Amerika Tengah,"Minangkabau, Sumatera Barat",Minangkabau,Sumatera Barat,2,Negara
Amerika Tengah,"Nangga Badau, Kalimantan Barat",Nangga Badau,Kalimantan Barat,0,Negara
Amerika Tengah,"Ngurah Rai, Bali",Ngurah Rai,Bali,1331,Negara
Amerika Tengah,Perbatasan darat,Perbatasan darat,Perbatasan darat,11,Negara
Amerika Tengah,Perbatasan laut,Perbatasan laut,Perbatasan laut,32,Negara
Amerika Tengah,Pintu lainnya,Pintu lainnya,Pintu lainnya,22,Negara
Amerika Tengah,"Sam Ratulangi, Sulawesi Utara",Sam Ratulangi,Sulawesi Utara,0,Negara
Amerika Tengah,"Sepinggan, Kalimantan Timur",Sepinggan,Kalimantan Timur,0,Negara
Amerika Tengah,"Skow, Papua",Skow,Papua,0,Negara
Amerika Tengah,"Soekarno Hatta, Banten",Soekarno Hatta,Banten,379,Negara
Amerika Tengah,"Sultan Iskandar Muda, Aceh",Sultan Iskandar Muda,Aceh,0,Negara
Amerika Tengah,"Sultan Syarif Kasim II, Riau",Sultan Syarif Kasim II,Riau,1,Negara
Amerika Tengah,"Tanjung Balai Karimun, Kepulauan Riau",Tanjung Balai Karimun,Kepulauan Riau,0,Negara
Amerika Tengah,"Tanjung Benoa, Bali",Tanjung Benoa,Bali,2,Negara
Amerika Tengah,"Tanjung Pinang, Kepulauan Riau",Tanjung Pinang,Kepulauan Riau,1,Negara
Amerika Tengah,"Tanjung Uban, Kepulauan Riau",Tanjung Uban,Kepulauan Riau,24,Negara
Asean Lainnya,"Aruk, Kalimantan Barat",Aruk,Kalimantan Barat,10052,Kelompok
Asean Lainnya,"Atambua, NTT",Atambua,Nusa Tenggara Timur,6815,Kelompok
Asean Lainnya,"Bandara Internasional Lombok, NTB",Bandara Internasional Lombok,Nusa Tenggara Barat,2042,Kelompok
Asean Lainnya,"Bandara Internasional Yogyakarta, DIY",Bandara Internasional Yogyakarta,DI Yogyakarta,10230,Kelompok
Asean Lainnya,"Batam, Kepulauan Riau",Batam,Kepulauan Riau,114783,Kelompok
Asean Lainnya,"Dumai, Riau",Dumai,Riau,3603,Kelompok
Asean Lainnya,"Entikong, Kalimantan Barat",Entikong,Kalimantan Barat,11599,Kelompok
Asean Lainnya,"Halim Perdanakusuma, DK Jakarta",Halim Perdanakusuma,DKI Jakarta,226,Kelompok
Asean Lainnya,"Hang Nadim, Kep. Riau",Hang Nadim,Kepulauan Riau,672,Kelompok
Asean Lainnya,"Hasanuddin, Sulawesi Selatan",Hasanuddin,Sulawesi Selatan,1780,Kelompok
Asean Lainnya,"Juanda, Jawa Timur",Juanda,Jawa Timur,46045,Kelompok
Asean Lainnya,"Kertajati, Jawa Barat",Kertajati,Jawa Barat,1297,Kelompok
Asean Lainnya,"Kualanamu, Sumatera Utara",Kualanamu,Sumatera Utara,52285,Kelompok
Asean Lainnya,"Minangkabau, Sumatera Barat",Minangkabau,Sumatera Barat,6879,Kelompok
Asean Lainnya,"Nangga Badau, Kalimantan Barat",Nangga Badau,Kalimantan Barat,850,Kelompok
Asean Lainnya,"Ngurah Rai, Bali",Ngurah Rai,Bali,41396,Kelompok
Asean Lainnya,Perbatasan darat,Perbatasan darat,Perbatasan darat,31,Kelompok
Asean Lainnya,Perbatasan laut,Perbatasan laut,Perbatasan laut,625,Kelompok
Asean Lainnya,Pintu lainnya,Pintu lainnya,Pintu lainnya,21466,Kelompok
Asean Lainnya,"Sam Ratulangi, Sulawesi Utara",Sam Ratulangi,Sulawesi Utara,840,Kelompok
Asean Lainnya,"Sepinggan, Kalimantan Timur",Sepinggan,Kalimantan Timur,539,Kelompok
Asean Lainnya,"Skow, Papua",Skow,Papua,141,Kelompok
Asean Lainnya,"Soekarno Hatta, Banten",Soekarno Hatta,Banten,204875,Kelompok
Asean Lainnya,"Sultan Iskandar Muda, Aceh",Sultan Iskandar Muda,Aceh,2939,Kelompok
Asean Lainnya,"Sultan Syarif Kasim II, Riau",Sultan Syarif Kasim II,Riau,6218,Kelompok
Asean Lainnya,"Tanjung Balai Karimun, Kepulauan Riau",Tanjung Balai Karimun,Kepulauan Riau,24817,Kelompok
Asean Lainnya,"Tanjung Benoa, Bali",Tanjung Benoa,Bali,17,Kelompok
Asean Lainnya,"Tanjung Pinang, Kepulauan Riau",Tanjung Pinang,Kepulauan Riau,5245,Kelompok
Asean Lainnya,"Tanjung Uban, Kepulauan Riau",Tanjung Uban,Kepulauan Riau,2032,Kelompok
Asia Lainnya,"Aruk, Kalimantan Barat",Aruk,Kalimantan Barat,1,Kelompok
Asia Lainnya,"Atambua, NTT",Atambua,Nusa Tenggara Timur,13,Kelompok
Asia Lainnya,"Bandara Internasional Lombok, NTB",Bandara Internasional Lombok,Nusa Tenggara Barat,158,Kelompok
Asia Lainnya,"Bandara Internasional Yogyakarta, DIY",Bandara Internasional Yogyakarta,DI Yogyakarta,250,Kelompok
Asia Lainnya,"Batam, Kepulauan Riau",Batam,Kepulauan Riau,615,Kelompok
Asia Lainnya,"Dumai, Riau",Dumai,Riau,6,Kelompok
Asia Lainnya,"Entikong, Kalimantan Barat",Entikong,Kalimantan Barat,1,Kelompok
Asia Lainnya,"Halim Perdanakusuma, DK Jakarta",Halim Perdanakusuma,DKI Jakarta,5,Kelompok
Asia Lainnya,"Hang Nadim, Kep. Riau",Hang Nadim,Kepulauan Riau,43,Kelompok
Asia Lainnya,"Hasanuddin, Sulawesi Selatan",Hasanuddin,Sulawesi Selatan,24,Kelompok
Asia Lainnya,"Juanda, Jawa Timur",Juanda,Jawa Timur,580,Kelompok
Asia Lainnya,"Kertajati, Jawa Barat",Kertajati,Jawa Barat,15,Kelompok
Asia Lainnya,"Kualanamu, Sumatera Utara",Kualanamu,Sumatera Utara,438,Kelompok
Asia Lainnya,"Minangkabau, Sumatera Barat",Minangkabau,Sumatera Barat,59,Kelompok
Asia Lainnya,"Nangga Badau, Kalimantan Barat",Nangga Badau,Kalimantan Barat,0,Kelompok
Asia Lainnya,"Ngurah Rai, Bali",Ngurah Rai,Bali,78178,Kelompok
Asia Lainnya,Perbatasan darat,Perbatasan darat,Perbatasan darat,65,Kelompok
Asia Lainnya,Perbatasan laut,Perbatasan laut,Perbatasan laut,2238,Kelompok
Asia Lainnya,Pintu lainnya,Pintu lainnya,Pintu lainnya,143,Kelompok
Asia Lainnya,"Sam Ratulangi, Sulawesi Utara",Sam Ratulangi,Sulawesi Utara,41,Kelompok
Asia Lainnya,"Sepinggan, Kalimantan Timur",Sepinggan,Kalimantan Timur,12,Kelompok
Asia Lainnya,"Skow, Papua",Skow,Papua,13,Kelompok
Asia Lainnya,"Soekarno Hatta, Banten",Soekarno Hatta,Banten,17427,Kelompok
Asia Lainnya,"Sultan Iskandar Muda, Aceh",Sultan Iskandar Muda,Aceh,94,Kelompok
Asia Lainnya,"Sultan Syarif Kasim II, Riau",Sultan Syarif Kasim II,Riau,59,Kelompok
Asia Lainnya,"Tanjung Balai Karimun, Kepulauan Riau",Tanjung Balai Karimun,Kepulauan Riau,7,Kelompok
Asia Lainnya,"Tanjung Benoa, Bali",Tanjung Benoa,Bali,17,Kelompok
Asia Lainnya,"Tanjung Pinang, Kepulauan Riau",Tanjung Pinang,Kepulauan Riau,21,Kelompok
Asia Lainnya,"Tanjung Uban, Kepulauan Riau",Tanjung Uban,Kepulauan Riau,437,Kelompok
Australia,"Aruk, Kalimantan Barat",Aruk,Kalimantan Barat,42,Negara
Australia,"Atambua, NTT",Atambua,Nusa Tenggara Timur,414,Negara
Australia,"Bandara Internasional Lombok, NTB",Bandara Internasional Lombok,Nusa Tenggara Barat,2121,Negara
Australia,"Bandara Internasional Yogyakarta, DIY",Bandara Internasional Yogyakarta,DI Yogyakarta,1214,Negara
Australia,"Batam, Kepulauan Riau",Batam,Kepulauan Riau,8780,Negara
Australia,"Dumai, Riau",Dumai,Riau,18,Negara
Australia,"Entikong, Kalimantan Barat",Entikong,Kalimantan Barat,108,Negara
Australia,"Halim Perdanakusuma, DK Jakarta",Halim Perdanakusuma,DKI Jakarta,73,Negara
Australia,"Hang Nadim, Kep. Riau",Hang Nadim,Kepulauan Riau,85,Negara
Australia,"Hasanuddin, Sulawesi Selatan",Hasanuddin,Sulawesi Selatan,249,Negara
Australia,"Juanda, Jawa Timur",Juanda,Jawa Timur,2607,Negara
Australia,"Kertajati, Jawa Barat",Kertajati,Jawa Barat,18,Negara
Australia,"Kualanamu, Sumatera Utara",Kualanamu,Sumatera Utara,4657,Negara
Australia,"Minangkabau, Sumatera Barat",Minangkabau,Sumatera Barat,1960,Negara
Australia,"Nangga Badau, Kalimantan Barat",Nangga Badau,Kalimantan Barat,4,Negara
Australia,"Ngurah Rai, Bali",Ngurah Rai,Bali,1534319,Negara
Australia,Perbatasan darat,Perbatasan darat,Perbatasan darat,889,Negara
Australia,Perbatasan laut,Perbatasan laut,Perbatasan laut,1572,Negara
Australia,Pintu lainnya,Pintu lainnya,Pintu lainnya,17266,Negara
Australia,"Sam Ratulangi, Sulawesi Utara",Sam Ratulangi,Sulawesi Utara,600,Negara
Australia,"Sepinggan, Kalimantan Timur",Sepinggan,Kalimantan Timur,154,Negara
Australia,"Skow, Papua",Skow,Papua,20,Negara
Australia,"Soekarno Hatta, Banten",Soekarno Hatta,Banten,74880,Negara
Australia,"Sultan Iskandar Muda, Aceh",Sultan Iskandar Muda,Aceh,337,Negara
Australia,"Sultan Syarif Kasim II, Riau",Sultan Syarif Kasim II,Riau,305,Negara
Australia,"Tanjung Balai Karimun, Kepulauan Riau",Tanjung Balai Karimun,Kepulauan Riau,61,Negara
Australia,"Tanjung Benoa, Bali",Tanjung Benoa,Bali,9289,Negara
Australia,"Tanjung Pinang, Kepulauan Riau",Tanjung Pinang,Kepulauan Riau,370,Negara
Australia,"Tanjung Uban, Kepulauan Riau",Tanjung Uban,Kepulauan Riau,8810,Negara
Austria,"Aruk, Kalimantan Barat",Aruk,Kalimantan Barat,6,Negara
Austria,"Atambua, NTT",Atambua,Nusa Tenggara Timur,10,Negara
Austria,"Bandara Internasional Lombok, NTB",Bandara Internasional Lombok,Nusa Tenggara Barat,428,Negara
Austria,"Bandara Internasional Yogyakarta, DIY",Bandara Internasional Yogyakarta,DI Yogyakarta,168,Negara
Austria,"Batam, Kepulauan Riau",Batam,Kepulauan Riau,265,Negara
Austria,"Dumai, Riau",Dumai,Riau,5,Negara
Austria,"Entikong, Kalimantan Barat",Entikong,Kalimantan Barat,7,Negara
Austria,"Halim Perdanakusuma, DK Jakarta",Halim Perdanakusuma,DKI Jakarta,11,Negara
Austria,"Hang Nadim, Kep. Riau",Hang Nadim,Kepulauan Riau,0,Negara
Austria,"Hasanuddin, Sulawesi Selatan",Hasanuddin,Sulawesi Selatan,31,Negara
Austria,"Juanda, Jawa Timur",Juanda,Jawa Timur,223,Negara
Austria,"Kertajati, Jawa Barat",Kertajati,Jawa Barat,3,Negara
Austria,"Kualanamu, Sumatera Utara",Kualanamu,Sumatera Utara,566,Negara
Austria,"Minangkabau, Sumatera Barat",Minangkabau,Sumatera Barat,42,Negara
Austria,"Nangga Badau, Kalimantan Barat",Nangga Badau,Kalimantan Barat,0,Negara
Austria,"Ngurah Rai, Bali",Ngurah Rai,Bali,20808,Negara
Austria,Perbatasan darat,Perbatasan darat,Perbatasan darat,30,Negara
Austria,Perbatasan laut,Perbatasan laut,Perbatasan laut,10768,Negara
Austria,Pintu lainnya,Pintu lainnya,Pintu lainnya,167,Negara
Austria,"Sam Ratulangi, Sulawesi Utara",Sam Ratulangi,Sulawesi Utara,179,Negara
Austria,"Sepinggan, Kalimantan Timur",Sepinggan,Kalimantan Timur,22,Negara
Austria,"Skow, Papua",Skow,Papua,0,Negara
Austria,"Soekarno Hatta, Banten",Soekarno Hatta,Banten,4880,Negara
Austria,"Sultan Iskandar Muda, Aceh",Sultan Iskandar Muda,Aceh,27,Negara
Austria,"Sultan Syarif Kasim II, Riau",Sultan Syarif Kasim II,Riau,13,Negara
Austria,"Tanjung Balai Karimun, Kepulauan Riau",Tanjung Balai Karimun,Kepulauan Riau,3,Negara
Austria,"Tanjung Benoa, Bali",Tanjung Benoa,Bali,80,Negara
Austria,"Tanjung Pinang, Kepulauan Riau",Tanjung Pinang,Kepulauan Riau,18,Negara
Austria,"Tanjung Uban, Kepulauan Riau",Tanjung Uban,Kepulauan Riau,281,Negara
Bahrain,"Aruk, Kalimantan Barat",Aruk,Kalimantan Barat,0,Negara
Bahrain,"Atambua, NTT",Atambua,Nusa Tenggara Timur,0,Negara
Bahrain,"Bandara Internasional Lombok, NTB",Bandara Internasional Lombok,Nusa Tenggara Barat,0,Negara
Bahrain,"Bandara Internasional Yogyakarta, DIY",Bandara Internasional Yogyakarta,DI Yogyakarta,0,Negara
Bahrain,"Batam, Kepulauan Riau",Batam,Kepulauan Riau,7,Negara
Bahrain,"Dumai, Riau",Dumai,Riau,0,Negara
Bahrain,"Entikong, Kalimantan Barat",Entikong,Kalimantan Barat,0,Negara
Bahrain,"Halim Perdanakusuma, DK Jakarta",Halim Perdanakusuma,DKI Jakarta,0,Negara
Bahrain,"Hang Nadim, Kep. Riau",Hang Nadim,Kepulauan Riau,0,Negara
Bahrain,"Hasanuddin, Sulawesi Selatan",Hasanuddin,Sulawesi Selatan,0,Negara
Bahrain,"Juanda, Jawa Timur",Juanda,Jawa Timur,5,Negara
Bahrain,"Kertajati, Jawa Barat",Kertajati,Jawa Barat,0,Negara
Bahrain,"Kualanamu, Sumatera Utara",Kualanamu,Sumatera Utara,2,Negara
Bahrain,"Minangkabau, Sumatera Barat",Minangkabau,Sumatera Barat,2,Negara
Bahrain,"Nangga Badau, Kalimantan Barat",Nangga Badau,Kalimantan Barat,0,Negara
Bahrain,"Ngurah Rai, Bali",Ngurah Rai,Bali,925,Negara
Bahrain,Perbatasan darat,Perbatasan darat,Perbatasan darat,0,Negara
Bahrain,Perbatasan laut,Perbatasan laut,Perbatasan laut,31,Negara
Bahrain,Pintu lainnya,Pintu lainnya,Pintu lainnya,0,Negara
Bahrain,"Sam Ratulangi, Sulawesi Utara",Sam Ratulangi,Sulawesi Utara,0,Negara
Bahrain,"Sepinggan, Kalimantan Timur",Sepinggan,Kalimantan Timur,0,Negara
Bahrain,"Skow, Papua",Skow,Papua,0,Negara
Bahrain,"Soekarno Hatta, Banten",Soekarno Hatta,Banten,1142,Negara
Bahrain,"Sultan Iskandar Muda, Aceh",Sultan Iskandar Muda,Aceh,0,Negara
Bahrain,"Sultan Syarif Kasim II, Riau",Sultan Syarif Kasim II,Riau,0,Negara
Bahrain,"Tanjung Balai Karimun, Kepulauan Riau",Tanjung Balai Karimun,Kepulauan Riau,0,Negara
Bahrain,"Tanjung Benoa, Bali",Tanjung Benoa,Bali,0,Negara
Bahrain,"Tanjung Pinang, Kepulauan Riau",Tanjung Pinang,Kepulauan Riau,0,Negara
Bahrain,"Tanjung Uban, Kepulauan Riau",Tanjung Uban,Kepulauan Riau,0,Negara
Bangladesh,"Aruk, Kalimantan Barat",Aruk,Kalimantan Barat,0,Negara
Bangladesh,"Atambua, NTT",Atambua,Nusa Tenggara Timur,2,Negara
Bangladesh,"Bandara Internasional Lombok, NTB",Bandara Internasional Lombok,Nusa Tenggara Barat,19,Negara
Bangladesh,"Bandara Internasional Yogyakarta, DIY",Bandara Internasional Yogyakarta,DI Yogyakarta,65,Negara
Bangladesh,"Batam, Kepulauan Riau",Batam,Kepulauan Riau,1147,Negara
Bangladesh,"Dumai, Riau",Dumai,Riau,1,Negara
Bangladesh,"Entikong, Kalimantan Barat",Entikong,Kalimantan Barat,0,Negara
Bangladesh,"Halim Perdanakusuma, DK Jakarta",Halim Perdanakusuma,DKI Jakarta,1,Negara
Bangladesh,"Hang Nadim, Kep. Riau",Hang Nadim,Kepulauan Riau,9,Negara
Bangladesh,"Hasanuddin, Sulawesi Selatan",Hasanuddin,Sulawesi Selatan,3,Negara
Bangladesh,"Juanda, Jawa Timur",Juanda,Jawa Timur,206,Negara
Bangladesh,"Kertajati, Jawa Barat",Kertajati,Jawa Barat,2,Negara
Bangladesh,"Kualanamu, Sumatera Utara",Kualanamu,Sumatera Utara,98,Negara
Bangladesh,"Minangkabau, Sumatera Barat",Minangkabau,Sumatera Barat,15,Negara
Bangladesh,"Nangga Badau, Kalimantan Barat",Nangga Badau,Kalimantan Barat,0,Negara
Bangladesh,"Ngurah Rai, Bali",Ngurah Rai,Bali,5053,Negara
Bangladesh,Perbatasan darat,Perbatasan darat,Perbatasan darat,9,Negara
Bangladesh,Perbatasan laut,Perbatasan laut,Perbatasan laut,2894,Negara
Bangladesh,Pintu lainnya,Pintu lainnya,Pintu lainnya,2,Negara
Bangladesh,"Sam Ratulangi, Sulawesi Utara",Sam Ratulangi,Sulawesi Utara,5,Negara
Bangladesh,"Sepinggan, Kalimantan Timur",Sepinggan,Kalimantan Timur,5,Negara
Bangladesh,"Skow, Papua",Skow,Papua,5,Negara
Bangladesh,"Soekarno Hatta, Banten",Soekarno Hatta,Banten,2968,Negara
Bangladesh,"Sultan Iskandar Muda, Aceh",Sultan Iskandar Muda,Aceh,8,Negara
Bangladesh,"Sultan Syarif Kasim II, Riau",Sultan Syarif Kasim II,Riau,19,Negara
Bangladesh,"Tanjung Balai Karimun, Kepulauan Riau",Tanjung Balai Karimun,Kepulauan Riau,22,Negara
Bangladesh,"Tanjung Benoa, Bali",Tanjung Benoa,Bali,0,Negara
Bangladesh,"Tanjung Pinang, Kepulauan Riau",Tanjung Pinang,Kepulauan Riau,8,Negara
Bangladesh,"Tanjung Uban, Kepulauan Riau",Tanjung Uban,Kepulauan Riau,108,Negara
Belanda,"Aruk, Kalimantan Barat",Aruk,Kalimantan Barat,12,Negara
Belanda,"Atambua, NTT",Atambua,Nusa Tenggara Timur,32,Negara
Belanda,"Bandara Internasional Lombok, NTB",Bandara Internasional Lombok,Nusa Tenggara Barat,2251,Negara
Belanda,"Bandara Internasional Yogyakarta, DIY",Bandara Internasional Yogyakarta,DI Yogyakarta,2494,Negara
Belanda,"Batam, Kepulauan Riau",Batam,Kepulauan Riau,2326,Negara
Belanda,"Dumai, Riau",Dumai,Riau,47,Negara
Belanda,"Entikong, Kalimantan Barat",Entikong,Kalimantan Barat,123,Negara
Belanda,"Halim Perdanakusuma, DK Jakarta",Halim Perdanakusuma,DKI Jakarta,1,Negara
Belanda,"Hang Nadim, Kep. Riau",Hang Nadim,Kepulauan Riau,36,Negara
Belanda,"Hasanuddin, Sulawesi Selatan",Hasanuddin,Sulawesi Selatan,508,Negara
Belanda,"Juanda, Jawa Timur",Juanda,Jawa Timur,2714,Negara
Belanda,"Kertajati, Jawa Barat",Kertajati,Jawa Barat,14,Negara
Belanda,"Kualanamu, Sumatera Utara",Kualanamu,Sumatera Utara,7357,Negara
Belanda,"Minangkabau, Sumatera Barat",Minangkabau,Sumatera Barat,347,Negara
Belanda,"Nangga Badau, Kalimantan Barat",Nangga Badau,Kalimantan Barat,3,Negara
Belanda,"Ngurah Rai, Bali",Ngurah Rai,Bali,137945,Negara
Belanda,Perbatasan darat,Perbatasan darat,Perbatasan darat,7875,Negara
Belanda,Perbatasan laut,Perbatasan laut,Perbatasan laut,79239,Negara
Belanda,Pintu lainnya,Pintu lainnya,Pintu lainnya,721,Negara
Belanda,"Sam Ratulangi, Sulawesi Utara",Sam Ratulangi,Sulawesi Utara,916,Negara
Belanda,"Sepinggan, Kalimantan Timur",Sepinggan,Kalimantan Timur,55,Negara
Belanda,"Skow, Papua",Skow,Papua,8,Negara
Belanda,"Soekarno Hatta, Banten",Soekarno Hatta,Banten,67460,Negara
Belanda,"Sultan Iskandar Muda, Aceh",Sultan Iskandar Muda,Aceh,176,Negara
Belanda,"Sultan Syarif Kasim II, Riau",Sultan Syarif Kasim II,Riau,95,Negara
Belanda,"Tanjung Balai Karimun, Kepulauan Riau",Tanjung Balai Karimun,Kepulauan Riau,14,Negara
Belanda,"Tanjung Benoa, Bali",Tanjung Benoa,Bali,109,Negara
Belanda,"Tanjung Pinang, Kepulauan Riau",Tanjung Pinang,Kepulauan Riau,136,Negara
Belanda,"Tanjung Uban, Kepulauan Riau",Tanjung Uban,Kepulauan Riau,1197,Negara
Belgia,"Aruk, Kalimantan Barat",Aruk,Kalimantan Barat,1,Negara
Belgia,"Atambua, NTT",Atambua,Nusa Tenggara Timur,5,Negara
Belgia,"Bandara Internasional Lombok, NTB",Bandara Internasional Lombok,Nusa Tenggara Barat,727,Negara
Belgia,"Bandara Internasional Yogyakarta, DIY",Bandara Internasional Yogyakarta,DI Yogyakarta,838,Negara
Belgia,"Batam, Kepulauan Riau",Batam,Kepulauan Riau,494,Negara
Belgia,"Dumai, Riau",Dumai,Riau,17,Negara
Belgia,"Entikong, Kalimantan Barat",Entikong,Kalimantan Barat,11,Negara
Belgia,"Halim Perdanakusuma, DK Jakarta",Halim Perdanakusuma,DKI Jakarta,2,Negara
Belgia,"Hang Nadim, Kep. Riau",Hang Nadim,Kepulauan Riau,0,Negara
Belgia,"Hasanuddin, Sulawesi Selatan",Hasanuddin,Sulawesi Selatan,110,Negara
Belgia,"Juanda, Jawa Timur",Juanda,Jawa Timur,459,Negara
Belgia,"Kertajati, Jawa Barat",Kertajati,Jawa Barat,3,Negara
Belgia,"Kualanamu, Sumatera Utara",Kualanamu,Sumatera Utara,1307,Negara
Belgia,"Minangkabau, Sumatera Barat",Minangkabau,Sumatera Barat,108,Negara
Belgia,"Nangga Badau, Kalimantan Barat",Nangga Badau,Kalimantan Barat,0,Negara
Belgia,"Ngurah Rai, Bali",Ngurah Rai,Bali,35025,Negara
Belgia,Perbatasan darat,Perbatasan darat,Perbatasan darat,73,Negara
Belgia,Perbatasan laut,Perbatasan laut,Perbatasan laut,497,Negara
Belgia,Pintu lainnya,Pintu lainnya,Pintu lainnya,225,Negara
Belgia,"Sam Ratulangi, Sulawesi Utara",Sam Ratulangi,Sulawesi Utara,261,Negara
Belgia,"Sepinggan, Kalimantan Timur",Sepinggan,Kalimantan Timur,6,Negara
Belgia,"Skow, Papua",Skow,Papua,0,Negara
Belgia,"Soekarno Hatta, Banten",Soekarno Hatta,Banten,12139,Negara
Belgia,"Sultan Iskandar Muda, Aceh",Sultan Iskandar Muda,Aceh,48,Negara
Belgia,"Sultan Syarif Kasim II, Riau",Sultan Syarif Kasim II,Riau,8,Negara
Belgia,"Tanjung Balai Karimun, Kepulauan Riau",Tanjung Balai Karimun,Kepulauan Riau,2,Negara
Belgia,"Tanjung Benoa, Bali",Tanjung Benoa,Bali,26,Negara
Belgia,"Tanjung Pinang, Kepulauan Riau",Tanjung Pinang,Kepulauan Riau,19,Negara
Belgia,"Tanjung Uban, Kepulauan Riau",Tanjung Uban,Kepulauan Riau,415,Negara
Brunei Darussalam,"Aruk, Kalimantan Barat",Aruk,Kalimantan Barat,156,Negara
Brunei Darussalam,"Atambua, NTT",Atambua,Nusa Tenggara Timur,7,Negara
Brunei Darussalam,"Bandara Internasional Lombok, NTB",Bandara Internasional Lombok,Nusa Tenggara Barat,199,Negara
Brunei Darussalam,"Bandara Internasional Yogyakarta, DIY",Bandara Internasional Yogyakarta,DI Yogyakarta,93,Negara
Brunei Darussalam,"Batam, Kepulauan Riau",Batam,Kepulauan Riau,899,Negara
Brunei Darussalam,"Dumai, Riau",Dumai,Riau,0,Negara
Brunei Darussalam,"Entikong, Kalimantan Barat",Entikong,Kalimantan Barat,1259,Negara
Brunei Darussalam,"Halim Perdanakusuma, DK Jakarta",Halim Perdanakusuma,DKI Jakarta,51,Negara
Brunei Darussalam,"Hang Nadim, Kep. Riau",Hang Nadim,Kepulauan Riau,4,Negara
Brunei Darussalam,"Hasanuddin, Sulawesi Selatan",Hasanuddin,Sulawesi Selatan,24,Negara
Brunei Darussalam,"Juanda, Jawa Timur",Juanda,Jawa Timur,1646,Negara
Brunei Darussalam,"Kertajati, Jawa Barat",Kertajati,Jawa Barat,6,Negara
Brunei Darussalam,"Kualanamu, Sumatera Utara",Kualanamu,Sumatera Utara,183,Negara
Brunei Darussalam,"Minangkabau, Sumatera Barat",Minangkabau,Sumatera Barat,100,Negara
Brunei Darussalam,"Nangga Badau, Kalimantan Barat",Nangga Badau,Kalimantan Barat,14,Negara
Brunei Darussalam,"Ngurah Rai, Bali",Ngurah Rai,Bali,1151,Negara
Brunei Darussalam,Perbatasan darat,Perbatasan darat,Perbatasan darat,67,Negara
Brunei Darussalam,Perbatasan laut,Perbatasan laut,Perbatasan laut,180,Negara
Brunei Darussalam,Pintu lainnya,Pintu lainnya,Pintu lainnya,65,Negara
Brunei Darussalam,"Sam Ratulangi, Sulawesi Utara",Sam Ratulangi,Sulawesi Utara,5,Negara
Brunei Darussalam,"Sepinggan, Kalimantan Timur",Sepinggan,Kalimantan Timur,3,Negara
Brunei Darussalam,"Skow, Papua",Skow,Papua,3,Negara
Brunei Darussalam,"Soekarno Hatta, Banten",Soekarno Hatta,Banten,13419,Negara
Brunei Darussalam,"Sultan Iskandar Muda, Aceh",Sultan Iskandar Muda,Aceh,64,Negara
Brunei Darussalam,"Sultan Syarif Kasim II, Riau",Sultan Syarif Kasim II,Riau,113,Negara
Brunei Darussalam,"Tanjung Balai Karimun, Kepulauan Riau",Tanjung Balai Karimun,Kepulauan Riau,2,Negara
Brunei Darussalam,"Tanjung Benoa, Bali",Tanjung Benoa,Bali,1,Negara
Brunei Darussalam,"Tanjung Pinang, Kepulauan Riau",Tanjung Pinang,Kepulauan Riau,38,Negara
Brunei Darussalam,"Tanjung Uban, Kepulauan Riau",Tanjung Uban,Kepulauan Riau,44,Negara
Denmark,"Aruk, Kalimantan Barat",Aruk,Kalimantan Barat,0,Negara
Denmark,"Atambua, NTT",Atambua,Nusa Tenggara Timur,4,Negara
Denmark,"Bandara Internasional Lombok, NTB",Bandara Internasional Lombok,Nusa Tenggara Barat,338,Negara
Denmark,"Bandara Internasional Yogyakarta, DIY",Bandara Internasional Yogyakarta,DI Yogyakarta,143,Negara
Denmark,"Batam, Kepulauan Riau",Batam,Kepulauan Riau,642,Negara
Denmark,"Dumai, Riau",Dumai,Riau,10,Negara
Denmark,"Entikong, Kalimantan Barat",Entikong,Kalimantan Barat,4,Negara
Denmark,"Halim Perdanakusuma, DK Jakarta",Halim Perdanakusuma,DKI Jakarta,1,Negara
Denmark,"Hang Nadim, Kep. Riau",Hang Nadim,Kepulauan Riau,6,Negara
Denmark,"Hasanuddin, Sulawesi Selatan",Hasanuddin,Sulawesi Selatan,46,Negara
Denmark,"Juanda, Jawa Timur",Juanda,Jawa Timur,341,Negara
Denmark,"Kertajati, Jawa Barat",Kertajati,Jawa Barat,0,Negara
Denmark,"Kualanamu, Sumatera Utara",Kualanamu,Sumatera Utara,1132,Negara
Denmark,"Minangkabau, Sumatera Barat",Minangkabau,Sumatera Barat,13,Negara
Denmark,"Nangga Badau, Kalimantan Barat",Nangga Badau,Kalimantan Barat,0,Negara
Denmark,"Ngurah Rai, Bali",Ngurah Rai,Bali,35055,Negara
Denmark,Perbatasan darat,Perbatasan darat,Perbatasan darat,0,Negara
Denmark,Perbatasan laut,Perbatasan laut,Perbatasan laut,210,Negara
Denmark,Pintu lainnya,Pintu lainnya,Pintu lainnya,169,Negara
Denmark,"Sam Ratulangi, Sulawesi Utara",Sam Ratulangi,Sulawesi Utara,82,Negara
Denmark,"Sepinggan, Kalimantan Timur",Sepinggan,Kalimantan Timur,6,Negara
Denmark,"Skow, Papua",Skow,Papua,1,Negara
Denmark,"Soekarno Hatta, Banten",Soekarno Hatta,Banten,3434,Negara
Denmark,"Sultan Iskandar Muda, Aceh",Sultan Iskandar Muda,Aceh,44,Negara
Denmark,"Sultan Syarif Kasim II, Riau",Sultan Syarif Kasim II,Riau,6,Negara
Denmark,"Tanjung Balai Karimun, Kepulauan Riau",Tanjung Balai Karimun,Kepulauan Riau,7,Negara
Denmark,"Tanjung Benoa, Bali",Tanjung Benoa,Bali,18,Negara
Denmark,"Tanjung Pinang, Kepulauan Riau",Tanjung Pinang,Kepulauan Riau,31,Negara
Denmark,"Tanjung Uban, Kepulauan Riau",Tanjung Uban,Kepulauan Riau,398,Negara
Eropa Barat Lainnya,"Aruk, Kalimantan Barat",Aruk,Kalimantan Barat,3,Kelompok
Eropa Barat Lainnya,"Atambua, NTT",Atambua,Nusa Tenggara Timur,13,Kelompok
Eropa Barat Lainnya,"Bandara Internasional Lombok, NTB",Bandara Internasional Lombok,Nusa Tenggara Barat,373,Kelompok
Eropa Barat Lainnya,"Bandara Internasional Yogyakarta, DIY",Bandara Internasional Yogyakarta,DI Yogyakarta,181,Kelompok
Eropa Barat Lainnya,"Batam, Kepulauan Riau",Batam,Kepulauan Riau,867,Kelompok
Eropa Barat Lainnya,"Dumai, Riau",Dumai,Riau,4,Kelompok
Eropa Barat Lainnya,"Entikong, Kalimantan Barat",Entikong,Kalimantan Barat,7,Kelompok
Eropa Barat Lainnya,"Halim Perdanakusuma, DK Jakarta",Halim Perdanakusuma,DKI Jakarta,3,Kelompok
Eropa Barat Lainnya,"Hang Nadim, Kep. Riau",Hang Nadim,Kepulauan Riau,4,Kelompok
Eropa Barat Lainnya,"Hasanuddin, Sulawesi Selatan",Hasanuddin,Sulawesi Selatan,9,Kelompok
Eropa Barat Lainnya,"Juanda, Jawa Timur",Juanda,Jawa Timur,214,Kelompok
Eropa Barat Lainnya,"Kertajati, Jawa Barat",Kertajati,Jawa Barat,0,Kelompok
Eropa Barat Lainnya,"Kualanamu, Sumatera Utara",Kualanamu,Sumatera Utara,307,Kelompok
Eropa Barat Lainnya,"Minangkabau, Sumatera Barat",Minangkabau,Sumatera Barat,51,Kelompok
Eropa Barat Lainnya,"Nangga Badau, Kalimantan Barat",Nangga Badau,Kalimantan Barat,0,Kelompok
Eropa Barat Lainnya,"Ngurah Rai, Bali",Ngurah Rai,Bali,37809,Kelompok
Eropa Barat Lainnya,Perbatasan darat,Perbatasan darat,Perbatasan darat,12,Kelompok
Eropa Barat Lainnya,Perbatasan laut,Perbatasan laut,Perbatasan laut,55,Kelompok
Eropa Barat Lainnya,Pintu lainnya,Pintu lainnya,Pintu lainnya,296,Kelompok
Eropa Barat Lainnya,"Sam Ratulangi, Sulawesi Utara",Sam Ratulangi,Sulawesi Utara,38,Kelompok
Eropa Barat Lainnya,"Sepinggan, Kalimantan Timur",Sepinggan,Kalimantan Timur,8,Kelompok
Eropa Barat Lainnya,"Skow, Papua",Skow,Papua,0,Kelompok
Eropa Barat Lainnya,"Soekarno Hatta, Banten",Soekarno Hatta,Banten,4010,Kelompok
Eropa Barat Lainnya,"Sultan Iskandar Muda, Aceh",Sultan Iskandar Muda,Aceh,5,Kelompok
Eropa Barat Lainnya,"Sultan Syarif Kasim II, Riau",Sultan Syarif Kasim II,Riau,11,Kelompok
Eropa Barat Lainnya,"Tanjung Balai Karimun, Kepulauan Riau",Tanjung Balai Karimun,Kepulauan Riau,5,Kelompok
Eropa Barat Lainnya,"Tanjung Benoa, Bali",Tanjung Benoa,Bali,59,Kelompok
Eropa Barat Lainnya,"Tanjung Pinang, Kepulauan Riau",Tanjung Pinang,Kepulauan Riau,36,Kelompok
Eropa Barat Lainnya,"Tanjung Uban, Kepulauan Riau",Tanjung Uban,Kepulauan Riau,623,Kelompok
Eropa Timur Lainnya,"Aruk, Kalimantan Barat",Aruk,Kalimantan Barat,3,Kelompok
Eropa Timur Lainnya,"Atambua, NTT",Atambua,Nusa Tenggara Timur,60,Kelompok
Eropa Timur Lainnya,"Bandara Internasional Lombok, NTB",Bandara Internasional Lombok,Nusa Tenggara Barat,1849,Kelompok
Eropa Timur Lainnya,"Bandara Internasional Yogyakarta, DIY",Bandara Internasional Yogyakarta,DI Yogyakarta,1481,Kelompok
Eropa Timur Lainnya,"Batam, Kepulauan Riau",Batam,Kepulauan Riau,1768,Kelompok
Eropa Timur Lainnya,"Dumai, Riau",Dumai,Riau,21,Kelompok
Eropa Timur Lainnya,"Entikong, Kalimantan Barat",Entikong,Kalimantan Barat,10,Kelompok
Eropa Timur Lainnya,"Halim Perdanakusuma, DK Jakarta",Halim Perdanakusuma,DKI Jakarta,9,Kelompok
Eropa Timur Lainnya,"Hang Nadim, Kep. Riau",Hang Nadim,Kepulauan Riau,31,Kelompok
Eropa Timur Lainnya,"Hasanuddin, Sulawesi Selatan",Hasanuddin,Sulawesi Selatan,159,Kelompok
Eropa Timur Lainnya,"Juanda, Jawa Timur",Juanda,Jawa Timur,1215,Kelompok
Eropa Timur Lainnya,"Kertajati, Jawa Barat",Kertajati,Jawa Barat,46,Kelompok
Eropa Timur Lainnya,"Kualanamu, Sumatera Utara",Kualanamu,Sumatera Utara,2033,Kelompok
Eropa Timur Lainnya,"Minangkabau, Sumatera Barat",Minangkabau,Sumatera Barat,244,Kelompok
Eropa Timur Lainnya,"Nangga Badau, Kalimantan Barat",Nangga Badau,Kalimantan Barat,2,Kelompok
Eropa Timur Lainnya,"Ngurah Rai, Bali",Ngurah Rai,Bali,189800,Kelompok
Eropa Timur Lainnya,Perbatasan darat,Perbatasan darat,Perbatasan darat,1715,Kelompok
Eropa Timur Lainnya,Perbatasan laut,Perbatasan laut,Perbatasan laut,4281,Kelompok
Eropa Timur Lainnya,Pintu lainnya,Pintu lainnya,Pintu lainnya,709,Kelompok
Eropa Timur Lainnya,"Sam Ratulangi, Sulawesi Utara",Sam Ratulangi,Sulawesi Utara,215,Kelompok
Eropa Timur Lainnya,"Sepinggan, Kalimantan Timur",Sepinggan,Kalimantan Timur,24,Kelompok
Eropa Timur Lainnya,"Skow, Papua",Skow,Papua,7,Kelompok
Eropa Timur Lainnya,"Soekarno Hatta, Banten",Soekarno Hatta,Banten,30904,Kelompok
Eropa Timur Lainnya,"Sultan Iskandar Muda, Aceh",Sultan Iskandar Muda,Aceh,105,Kelompok
Eropa Timur Lainnya,"Sultan Syarif Kasim II, Riau",Sultan Syarif Kasim II,Riau,37,Kelompok
Eropa Timur Lainnya,"Tanjung Balai Karimun, Kepulauan Riau",Tanjung Balai Karimun,Kepulauan Riau,48,Kelompok
Eropa Timur Lainnya,"Tanjung Benoa, Bali",Tanjung Benoa,Bali,102,Kelompok
Eropa Timur Lainnya,"Tanjung Pinang, Kepulauan Riau",Tanjung Pinang,Kepulauan Riau,130,Kelompok
Eropa Timur Lainnya,"Tanjung Uban, Kepulauan Riau",Tanjung Uban,Kepulauan Riau,1209,Kelompok
Filipina,"Aruk, Kalimantan Barat",Aruk,Kalimantan Barat,39,Negara
Filipina,"Atambua, NTT",Atambua,Nusa Tenggara Timur,612,Negara
Filipina,"Bandara Internasional Lombok, NTB",Bandara Internasional Lombok,Nusa Tenggara Barat,385,Negara
Filipina,"Bandara Internasional Yogyakarta, DIY",Bandara Internasional Yogyakarta,DI Yogyakarta,1103,Negara
Filipina,"Batam, Kepulauan Riau",Batam,Kepulauan Riau,24740,Negara
Filipina,"Dumai, Riau",Dumai,Riau,11,Negara
Filipina,"Entikong, Kalimantan Barat",Entikong,Kalimantan Barat,81,Negara
Filipina,"Halim Perdanakusuma, DK Jakarta",Halim Perdanakusuma,DKI Jakarta,16,Negara
Filipina,"Hang Nadim, Kep. Riau",Hang Nadim,Kepulauan Riau,36,Negara
Filipina,"Hasanuddin, Sulawesi Selatan",Hasanuddin,Sulawesi Selatan,81,Negara
Filipina,"Juanda, Jawa Timur",Juanda,Jawa Timur,2291,Negara
Filipina,"Kertajati, Jawa Barat",Kertajati,Jawa Barat,19,Negara
Filipina,"Kualanamu, Sumatera Utara",Kualanamu,Sumatera Utara,1075,Negara
Filipina,"Minangkabau, Sumatera Barat",Minangkabau,Sumatera Barat,102,Negara
Filipina,"Nangga Badau, Kalimantan Barat",Nangga Badau,Kalimantan Barat,3,Negara
Filipina,"Ngurah Rai, Bali",Ngurah Rai,Bali,103549,Negara
Filipina,Perbatasan darat,Perbatasan darat,Perbatasan darat,3030,Negara
Filipina,Perbatasan laut,Perbatasan laut,Perbatasan laut,55511,Negara
Filipina,Pintu lainnya,Pintu lainnya,Pintu lainnya,761,Negara
Filipina,"Sam Ratulangi, Sulawesi Utara",Sam Ratulangi,Sulawesi Utara,206,Negara
Filipina,"Sepinggan, Kalimantan Timur",Sepinggan,Kalimantan Timur,55,Negara
Filipina,"Skow, Papua",Skow,Papua,264,Negara
Filipina,"Soekarno Hatta, Banten",Soekarno Hatta,Banten,37843,Negara
Filipina,"Sultan Iskandar Muda, Aceh",Sultan Iskandar Muda,Aceh,46,Negara
Filipina,"Sultan Syarif Kasim II, Riau",Sultan Syarif Kasim II,Riau,184,Negara
Filipina,"Tanjung Balai Karimun, Kepulauan Riau",Tanjung Balai Karimun,Kepulauan Riau,94,Negara
Filipina,"Tanjung Benoa, Bali",Tanjung Benoa,Bali,52,Negara
Filipina,"Tanjung Pinang, Kepulauan Riau",Tanjung Pinang,Kepulauan Riau,510,Negara
Filipina,"Tanjung Uban, Kepulauan Riau",Tanjung Uban,Kepulauan Riau,7015,Negara
Finlandia,"Aruk, Kalimantan Barat",Aruk,Kalimantan Barat,1,Negara
Finlandia,"Atambua, NTT",Atambua,Nusa Tenggara Timur,4,Negara
Finlandia,"Bandara Internasional Lombok, NTB",Bandara Internasional Lombok,Nusa Tenggara Barat,255,Negara
Finlandia,"Bandara Internasional Yogyakarta, DIY",Bandara Internasional Yogyakarta,DI Yogyakarta,54,Negara
Finlandia,"Batam, Kepulauan Riau",Batam,Kepulauan Riau,352,Negara
Finlandia,"Dumai, Riau",Dumai,Riau,0,Negara
Finlandia,"Entikong, Kalimantan Barat",Entikong,Kalimantan Barat,1,Negara
Finlandia,"Halim Perdanakusuma, DK Jakarta",Halim Perdanakusuma,DKI Jakarta,1,Negara
Finlandia,"Hang Nadim, Kep. Riau",Hang Nadim,Kepulauan Riau,3,Negara
Finlandia,"Hasanuddin, Sulawesi Selatan",Hasanuddin,Sulawesi Selatan,6,Negara
Finlandia,"Juanda, Jawa Timur",Juanda,Jawa Timur,220,Negara
Finlandia,"Kertajati, Jawa Barat",Kertajati,Jawa Barat,0,Negara
Finlandia,"Kualanamu, Sumatera Utara",Kualanamu,Sumatera Utara,142,Negara
Finlandia,"Minangkabau, Sumatera Barat",Minangkabau,Sumatera Barat,29,Negara
Finlandia,"Nangga Badau, Kalimantan Barat",Nangga Badau,Kalimantan Barat,0,Negara
Finlandia,"Ngurah Rai, Bali",Ngurah Rai,Bali,10992,Negara
Finlandia,Perbatasan darat,Perbatasan darat,Perbatasan darat,0,Negara
Finlandia,Perbatasan laut,Perbatasan laut,Perbatasan laut,7,Negara
Finlandia,Pintu lainnya,Pintu lainnya,Pintu lainnya,16,Negara
Finlandia,"Sam Ratulangi, Sulawesi Utara",Sam Ratulangi,Sulawesi Utara,74,Negara
Finlandia,"Sepinggan, Kalimantan Timur",Sepinggan,Kalimantan Timur,4,Negara
Finlandia,"Skow, Papua",Skow,Papua,1,Negara
Finlandia,"Soekarno Hatta, Banten",Soekarno Hatta,Banten,2083,Negara
Finlandia,"Sultan Iskandar Muda, Aceh",Sultan Iskandar Muda,Aceh,26,Negara
Finlandia,"Sultan Syarif Kasim II, Riau",Sultan Syarif Kasim II,Riau,130,Negara
Finlandia,"Tanjung Balai Karimun, Kepulauan Riau",Tanjung Balai Karimun,Kepulauan Riau,7,Negara
Finlandia,"Tanjung Benoa, Bali",Tanjung Benoa,Bali,10,Negara
Finlandia,"Tanjung Pinang, Kepulauan Riau",Tanjung Pinang,Kepulauan Riau,17,Negara
Finlandia,"Tanjung Uban, Kepulauan Riau",Tanjung Uban,Kepulauan Riau,424,Negara
Hong Kong,"Aruk, Kalimantan Barat",Aruk,Kalimantan Barat,47,Negara
Hong Kong,"Atambua, NTT",Atambua,Nusa Tenggara Timur,8,Negara
Hong Kong,"Bandara Internasional Lombok, NTB",Bandara Internasional Lombok,Nusa Tenggara Barat,83,Negara
Hong Kong,"Bandara Internasional Yogyakarta, DIY",Bandara Internasional Yogyakarta,DI Yogyakarta,56,Negara
Hong Kong,"Batam, Kepulauan Riau",Batam,Kepulauan Riau,667,Negara
Hong Kong,"Dumai, Riau",Dumai,Riau,0,Negara
Hong Kong,"Entikong, Kalimantan Barat",Entikong,Kalimantan Barat,15,Negara
Hong Kong,"Halim Perdanakusuma, DK Jakarta",Halim Perdanakusuma,DKI Jakarta,2,Negara
Hong Kong,"Hang Nadim, Kep. Riau",Hang Nadim,Kepulauan Riau,3,Negara
Hong Kong,"Hasanuddin, Sulawesi Selatan",Hasanuddin,Sulawesi Selatan,15,Negara
Hong Kong,"Juanda, Jawa Timur",Juanda,Jawa Timur,967,Negara
Hong Kong,"Kertajati, Jawa Barat",Kertajati,Jawa Barat,0,Negara
Hong Kong,"Kualanamu, Sumatera Utara",Kualanamu,Sumatera Utara,201,Negara
Hong Kong,"Minangkabau, Sumatera Barat",Minangkabau,Sumatera Barat,19,Negara
Hong Kong,"Nangga Badau, Kalimantan Barat",Nangga Badau,Kalimantan Barat,0,Negara
Hong Kong,"Ngurah Rai, Bali",Ngurah Rai,Bali,15282,Negara
Hong Kong,Perbatasan darat,Perbatasan darat,Perbatasan darat,2154,Negara
Hong Kong,Perbatasan laut,Perbatasan laut,Perbatasan laut,28937,Negara
Hong Kong,Pintu lainnya,Pintu lainnya,Pintu lainnya,28,Negara
Hong Kong,"Sam Ratulangi, Sulawesi Utara",Sam Ratulangi,Sulawesi Utara,88,Negara
Hong Kong,"Sepinggan, Kalimantan Timur",Sepinggan,Kalimantan Timur,2,Negara
Hong Kong,"Skow, Papua",Skow,Papua,0,Negara
Hong Kong,"Soekarno Hatta, Banten",Soekarno Hatta,Banten,6666,Negara
Hong Kong,"Sultan Iskandar Muda, Aceh",Sultan Iskandar Muda,Aceh,30,Negara
Hong Kong,"Sultan Syarif Kasim II, Riau",Sultan Syarif Kasim II,Riau,19,Negara
Hong Kong,"Tanjung Balai Karimun, Kepulauan Riau",Tanjung Balai Karimun,Kepulauan Riau,1,Negara
Hong Kong,"Tanjung Benoa, Bali",Tanjung Benoa,Bali,0,Negara
Hong Kong,"Tanjung Pinang, Kepulauan Riau",Tanjung Pinang,Kepulauan Riau,29,Negara
Hong Kong,"Tanjung Uban, Kepulauan Riau",Tanjung Uban,Kepulauan Riau,983,Negara
India,"Aruk, Kalimantan Barat",Aruk,Kalimantan Barat,7,Negara
India,"Atambua, NTT",Atambua,Nusa Tenggara Timur,91,Negara
India,"Bandara Internasional Lombok, NTB",Bandara Internasional Lombok,Nusa Tenggara Barat,1246,Negara
India,"Bandara Internasional Yogyakarta, DIY",Bandara Internasional Yogyakarta,DI Yogyakarta,1900,Negara
India,"Batam, Kepulauan Riau",Batam,Kepulauan Riau,39025,Negara
India,"Dumai, Riau",Dumai,Riau,53,Negara
India,"Entikong, Kalimantan Barat",Entikong,Kalimantan Barat,67,Negara
India,"Halim Perdanakusuma, DK Jakarta",Halim Perdanakusuma,DKI Jakarta,125,Negara
India,"Hang Nadim, Kep. Riau",Hang Nadim,Kepulauan Riau,441,Negara
India,"Hasanuddin, Sulawesi Selatan",Hasanuddin,Sulawesi Selatan,97,Negara
India,"Juanda, Jawa Timur",Juanda,Jawa Timur,4417,Negara
India,"Kertajati, Jawa Barat",Kertajati,Jawa Barat,132,Negara
India,"Kualanamu, Sumatera Utara",Kualanamu,Sumatera Utara,2981,Negara
India,"Minangkabau, Sumatera Barat",Minangkabau,Sumatera Barat,247,Negara
India,"Nangga Badau, Kalimantan Barat",Nangga Badau,Kalimantan Barat,3,Negara
India,"Ngurah Rai, Bali",Ngurah Rai,Bali,550279,Negara
India,Perbatasan darat,Perbatasan darat,Perbatasan darat,375,Negara
India,Perbatasan laut,Perbatasan laut,Perbatasan laut,19315,Negara
India,Pintu lainnya,Pintu lainnya,Pintu lainnya,193,Negara
India,"Sam Ratulangi, Sulawesi Utara",Sam Ratulangi,Sulawesi Utara,155,Negara
India,"Sepinggan, Kalimantan Timur",Sepinggan,Kalimantan Timur,149,Negara
India,"Skow, Papua",Skow,Papua,48,Negara
India,"Soekarno Hatta, Banten",Soekarno Hatta,Banten,74162,Negara
India,"Sultan Iskandar Muda, Aceh",Sultan Iskandar Muda,Aceh,107,Negara
India,"Sultan Syarif Kasim II, Riau",Sultan Syarif Kasim II,Riau,881,Negara
India,"Tanjung Balai Karimun, Kepulauan Riau",Tanjung Balai Karimun,Kepulauan Riau,2003,Negara
India,"Tanjung Benoa, Bali",Tanjung Benoa,Bali,60,Negara
India,"Tanjung Pinang, Kepulauan Riau",Tanjung Pinang,Kepulauan Riau,1247,Negara
India,"Tanjung Uban, Kepulauan Riau",Tanjung Uban,Kepulauan Riau,10882,Negara
Inggris,"Aruk, Kalimantan Barat",Aruk,Kalimantan Barat,15,Negara
Inggris,"Atambua, NTT",Atambua,Nusa Tenggara Timur,79,Negara
Inggris,"Bandara Internasional Lombok, NTB",Bandara Internasional Lombok,Nusa Tenggara Barat,5148,Negara
Inggris,"Bandara Internasional Yogyakarta, DIY",Bandara Internasional Yogyakarta,DI Yogyakarta,1997,Negara
Inggris,"Batam, Kepulauan Riau",Batam,Kepulauan Riau,9426,Negara
Inggris,"Dumai, Riau",Dumai,Riau,55,Negara
Inggris,"Entikong, Kalimantan Barat",Entikong,Kalimantan Barat,48,Negara
Inggris,"Halim Perdanakusuma, DK Jakarta",Halim Perdanakusuma,DKI Jakarta,13,Negara
Inggris,"Hang Nadim, Kep. Riau",Hang Nadim,Kepulauan Riau,83,Negara
Inggris,"Hasanuddin, Sulawesi Selatan",Hasanuddin,Sulawesi Selatan,133,Negara
Inggris,"Juanda, Jawa Timur",Juanda,Jawa Timur,2147,Negara
Inggris,"Kertajati, Jawa Barat",Kertajati,Jawa Barat,9,Negara
Inggris,"Kualanamu, Sumatera Utara",Kualanamu,Sumatera Utara,3756,Negara
Inggris,"Minangkabau, Sumatera Barat",Minangkabau,Sumatera Barat,409,Negara
Inggris,"Nangga Badau, Kalimantan Barat",Nangga Badau,Kalimantan Barat,9,Negara
Inggris,"Ngurah Rai, Bali",Ngurah Rai,Bali,290793,Negara
Inggris,Perbatasan darat,Perbatasan darat,Perbatasan darat,602,Negara
Inggris,Perbatasan laut,Perbatasan laut,Perbatasan laut,11715,Negara
Inggris,Pintu lainnya,Pintu lainnya,Pintu lainnya,9349,Negara
Inggris,"Sam Ratulangi, Sulawesi Utara",Sam Ratulangi,Sulawesi Utara,671,Negara
Inggris,"Sepinggan, Kalimantan Timur",Sepinggan,Kalimantan Timur,102,Negara
Inggris,"Skow, Papua",Skow,Papua,4,Negara
Inggris,"Soekarno Hatta, Banten",Soekarno Hatta,Banten,43751,Negara
Inggris,"Sultan Iskandar Muda, Aceh",Sultan Iskandar Muda,Aceh,249,Negara
Inggris,"Sultan Syarif Kasim II, Riau",Sultan Syarif Kasim II,Riau,129,Negara
Inggris,"Tanjung Balai Karimun, Kepulauan Riau",Tanjung Balai Karimun,Kepulauan Riau,100,Negara
Inggris,"Tanjung Benoa, Bali",Tanjung Benoa,Bali,2616,Negara
Inggris,"Tanjung Pinang, Kepulauan Riau",Tanjung Pinang,Kepulauan Riau,332,Negara
Inggris,"Tanjung Uban, Kepulauan Riau",Tanjung Uban,Kepulauan Riau,8393,Negara
Italia,"Aruk, Kalimantan Barat",Aruk,Kalimantan Barat,4,Negara
Italia,"Atambua, NTT",Atambua,Nusa Tenggara Timur,37,Negara
Italia,"Bandara Internasional Lombok, NTB",Bandara Internasional Lombok,Nusa Tenggara Barat,1249,Negara
Italia,"Bandara Internasional Yogyakarta, DIY",Bandara Internasional Yogyakarta,DI Yogyakarta,2007,Negara
Italia,"Batam, Kepulauan Riau",Batam,Kepulauan Riau,933,Negara
Italia,"Dumai, Riau",Dumai,Riau,16,Negara
Italia,"Entikong, Kalimantan Barat",Entikong,Kalimantan Barat,6,Negara
Italia,"Halim Perdanakusuma, DK Jakarta",Halim Perdanakusuma,DKI Jakarta,6,Negara
Italia,"Hang Nadim, Kep. Riau",Hang Nadim,Kepulauan Riau,3,Negara
Italia,"Hasanuddin, Sulawesi Selatan",Hasanuddin,Sulawesi Selatan,133,Negara
Italia,"Juanda, Jawa Timur",Juanda,Jawa Timur,1048,Negara
Italia,"Kertajati, Jawa Barat",Kertajati,Jawa Barat,2,Negara
Italia,"Kualanamu, Sumatera Utara",Kualanamu,Sumatera Utara,909,Negara
Italia,"Minangkabau, Sumatera Barat",Minangkabau,Sumatera Barat,183,Negara
Italia,"Nangga Badau, Kalimantan Barat",Nangga Badau,Kalimantan Barat,1,Negara
Italia,"Ngurah Rai, Bali",Ngurah Rai,Bali,87681,Negara
Italia,Perbatasan darat,Perbatasan darat,Perbatasan darat,94,Negara
Italia,Perbatasan laut,Perbatasan laut,Perbatasan laut,404,Negara
Italia,Pintu lainnya,Pintu lainnya,Pintu lainnya,198,Negara
Italia,"Sam Ratulangi, Sulawesi Utara",Sam Ratulangi,Sulawesi Utara,796,Negara
Italia,"Sepinggan, Kalimantan Timur",Sepinggan,Kalimantan Timur,34,Negara
Italia,"Skow, Papua",Skow,Papua,7,Negara
Italia,"Soekarno Hatta, Banten",Soekarno Hatta,Banten,34228,Negara
Italia,"Sultan Iskandar Muda, Aceh",Sultan Iskandar Muda,Aceh,60,Negara
Italia,"Sultan Syarif Kasim II, Riau",Sultan Syarif Kasim II,Riau,31,Negara
Italia,"Tanjung Balai Karimun, Kepulauan Riau",Tanjung Balai Karimun,Kepulauan Riau,141,Negara
Italia,"Tanjung Benoa, Bali",Tanjung Benoa,Bali,45,Negara
Italia,"Tanjung Pinang, Kepulauan Riau",Tanjung Pinang,Kepulauan Riau,77,Negara
Italia,"Tanjung Uban, Kepulauan Riau",Tanjung Uban,Kepulauan Riau,816,Negara
Jepang,"Aruk, Kalimantan Barat",Aruk,Kalimantan Barat,5,Negara
Jepang,"Atambua, NTT",Atambua,Nusa Tenggara Timur,71,Negara
Jepang,"Bandara Internasional Lombok, NTB",Bandara Internasional Lombok,Nusa Tenggara Barat,920,Negara
Jepang,"Bandara Internasional Yogyakarta, DIY",Bandara Internasional Yogyakarta,DI Yogyakarta,2262,Negara
Jepang,"Batam, Kepulauan Riau",Batam,Kepulauan Riau,10229,Negara
Jepang,"Dumai, Riau",Dumai,Riau,36,Negara
Jepang,"Entikong, Kalimantan Barat",Entikong,Kalimantan Barat,20,Negara
Jepang,"Halim Perdanakusuma, DK Jakarta",Halim Perdanakusuma,DKI Jakarta,6,Negara
Jepang,"Hang Nadim, Kep. Riau",Hang Nadim,Kepulauan Riau,46,Negara
Jepang,"Hasanuddin, Sulawesi Selatan",Hasanuddin,Sulawesi Selatan,172,Negara
Jepang,"Juanda, Jawa Timur",Juanda,Jawa Timur,4922,Negara
Jepang,"Kertajati, Jawa Barat",Kertajati,Jawa Barat,8,Negara
Jepang,"Kualanamu, Sumatera Utara",Kualanamu,Sumatera Utara,1499,Negara
Jepang,"Minangkabau, Sumatera Barat",Minangkabau,Sumatera Barat,239,Negara
Jepang,"Nangga Badau, Kalimantan Barat",Nangga Badau,Kalimantan Barat,0,Negara
Jepang,"Ngurah Rai, Bali",Ngurah Rai,Bali,176771,Negara
Jepang,Perbatasan darat,Perbatasan darat,Perbatasan darat,267,Negara
Jepang,Perbatasan laut,Perbatasan laut,Perbatasan laut,1146,Negara
Jepang,Pintu lainnya,Pintu lainnya,Pintu lainnya,198,Negara
Jepang,"Sam Ratulangi, Sulawesi Utara",Sam Ratulangi,Sulawesi Utara,450,Negara
Jepang,"Sepinggan, Kalimantan Timur",Sepinggan,Kalimantan Timur,68,Negara
Jepang,"Skow, Papua",Skow,Papua,4,Negara
Jepang,"Soekarno Hatta, Banten",Soekarno Hatta,Banten,132849,Negara
Jepang,"Sultan Iskandar Muda, Aceh",Sultan Iskandar Muda,Aceh,171,Negara
Jepang,"Sultan Syarif Kasim II, Riau",Sultan Syarif Kasim II,Riau,136,Negara
Jepang,"Tanjung Balai Karimun, Kepulauan Riau",Tanjung Balai Karimun,Kepulauan Riau,5,Negara
Jepang,"Tanjung Benoa, Bali",Tanjung Benoa,Bali,68,Negara
Jepang,"Tanjung Pinang, Kepulauan Riau",Tanjung Pinang,Kepulauan Riau,254,Negara
Jepang,"Tanjung Uban, Kepulauan Riau",Tanjung Uban,Kepulauan Riau,6112,Negara
Jerman,"Aruk, Kalimantan Barat",Aruk,Kalimantan Barat,7,Negara
Jerman,"Atambua, NTT",Atambua,Nusa Tenggara Timur,81,Negara
Jerman,"Bandara Internasional Lombok, NTB",Bandara Internasional Lombok,Nusa Tenggara Barat,4317,Negara
Jerman,"Bandara Internasional Yogyakarta, DIY",Bandara Internasional Yogyakarta,DI Yogyakarta,2154,Negara
Jerman,"Batam, Kepulauan Riau",Batam,Kepulauan Riau,3076,Negara
Jerman,"Dumai, Riau",Dumai,Riau,74,Negara
Jerman,"Entikong, Kalimantan Barat",Entikong,Kalimantan Barat,40,Negara
Jerman,"Halim Perdanakusuma, DK Jakarta",Halim Perdanakusuma,DKI Jakarta,63,Negara
Jerman,"Hang Nadim, Kep. Riau",Hang Nadim,Kepulauan Riau,27,Negara
Jerman,"Hasanuddin, Sulawesi Selatan",Hasanuddin,Sulawesi Selatan,337,Negara
Jerman,"Juanda, Jawa Timur",Juanda,Jawa Timur,2399,Negara
Jerman,"Kertajati, Jawa Barat",Kertajati,Jawa Barat,3,Negara
Jerman,"Kualanamu, Sumatera Utara",Kualanamu,Sumatera Utara,6259,Negara
Jerman,"Minangkabau, Sumatera Barat",Minangkabau,Sumatera Barat,349,Negara
Jerman,"Nangga Badau, Kalimantan Barat",Nangga Badau,Kalimantan Barat,8,Negara
Jerman,"Ngurah Rai, Bali",Ngurah Rai,Bali,203446,Negara
Jerman,Perbatasan darat,Perbatasan darat,Perbatasan darat,25,Negara
Jerman,Perbatasan laut,Perbatasan laut,Perbatasan laut,1949,Negara
Jerman,Pintu lainnya,Pintu lainnya,Pintu lainnya,2816,Negara
Jerman,"Sam Ratulangi, Sulawesi Utara",Sam Ratulangi,Sulawesi Utara,2324,Negara
Jerman,"Sepinggan, Kalimantan Timur",Sepinggan,Kalimantan Timur,146,Negara
Jerman,"Skow, Papua",Skow,Papua,1,Negara
Jerman,"Soekarno Hatta, Banten",Soekarno Hatta,Banten,46547,Negara
Jerman,"Sultan Iskandar Muda, Aceh",Sultan Iskandar Muda,Aceh,340,Negara
Jerman,"Sultan Syarif Kasim II, Riau",Sultan Syarif Kasim II,Riau,78,Negara
Jerman,"Tanjung Balai Karimun, Kepulauan Riau",Tanjung Balai Karimun,Kepulauan Riau,29,Negara
Jerman,"Tanjung Benoa, Bali",Tanjung Benoa,Bali,1083,Negara
Jerman,"Tanjung Pinang, Kepulauan Riau",Tanjung Pinang,Kepulauan Riau,279,Negara
Jerman,"Tanjung Uban, Kepulauan Riau",Tanjung Uban,Kepulauan Riau,3140,Negara
Kanada,"Aruk, Kalimantan Barat",Aruk,Kalimantan Barat,7,Negara
Kanada,"Atambua, NTT",Atambua,Nusa Tenggara Timur,7,Negara
Kanada,"Bandara Internasional Lombok, NTB",Bandara Internasional Lombok,Nusa Tenggara Barat,718,Negara
Kanada,"Bandara Internasional Yogyakarta, DIY",Bandara Internasional Yogyakarta,DI Yogyakarta,574,Negara
Kanada,"Batam, Kepulauan Riau",Batam,Kepulauan Riau,2056,Negara
Kanada,"Dumai, Riau",Dumai,Riau,11,Negara
Kanada,"Entikong, Kalimantan Barat",Entikong,Kalimantan Barat,15,Negara
Kanada,"Halim Perdanakusuma, DK Jakarta",Halim Perdanakusuma,DKI Jakarta,3,Negara
Kanada,"Hang Nadim, Kep. Riau",Hang Nadim,Kepulauan Riau,38,Negara
Kanada,"Hasanuddin, Sulawesi Selatan",Hasanuddin,Sulawesi Selatan,53,Negara
Kanada,"Juanda, Jawa Timur",Juanda,Jawa Timur,1128,Negara
Kanada,"Kertajati, Jawa Barat",Kertajati,Jawa Barat,10,Negara
Kanada,"Kualanamu, Sumatera Utara",Kualanamu,Sumatera Utara,801,Negara
Kanada,"Minangkabau, Sumatera Barat",Minangkabau,Sumatera Barat,118,Negara
Kanada,"Nangga Badau, Kalimantan Barat",Nangga Badau,Kalimantan Barat,1,Negara
Kanada,"Ngurah Rai, Bali",Ngurah Rai,Bali,60663,Negara
Kanada,Perbatasan darat,Perbatasan darat,Perbatasan darat,28,Negara
Kanada,Perbatasan laut,Perbatasan laut,Perbatasan laut,145,Negara
Kanada,Pintu lainnya,Pintu lainnya,Pintu lainnya,2817,Negara
Kanada,"Sam Ratulangi, Sulawesi Utara",Sam Ratulangi,Sulawesi Utara,200,Negara
Kanada,"Sepinggan, Kalimantan Timur",Sepinggan,Kalimantan Timur,14,Negara
Kanada,"Skow, Papua",Skow,Papua,5,Negara
Kanada,"Soekarno Hatta, Banten",Soekarno Hatta,Banten,16545,Negara
Kanada,"Sultan Iskandar Muda, Aceh",Sultan Iskandar Muda,Aceh,109,Negara
Kanada,"Sultan Syarif Kasim II, Riau",Sultan Syarif Kasim II,Riau,78,Negara
Kanada,"Tanjung Balai Karimun, Kepulauan Riau",Tanjung Balai Karimun,Kepulauan Riau,9,Negara
Kanada,"Tanjung Benoa, Bali",Tanjung Benoa,Bali,585,Negara
Kanada,"Tanjung Pinang, Kepulauan Riau",Tanjung Pinang,Kepulauan Riau,69,Negara
Kanada,"Tanjung Uban, Kepulauan Riau",Tanjung Uban,Kepulauan Riau,1082,Negara
Korea Selatan,"Aruk, Kalimantan Barat",Aruk,Kalimantan Barat,12,Negara
Korea Selatan,"Atambua, NTT",Atambua,Nusa Tenggara Timur,71,Negara
Korea Selatan,"Bandara Internasional Lombok, NTB",Bandara Internasional Lombok,Nusa Tenggara Barat,1010,Negara
Korea Selatan,"Bandara Internasional Yogyakarta, DIY",Bandara Internasional Yogyakarta,DI Yogyakarta,818,Negara
Korea Selatan,"Batam, Kepulauan Riau",Batam,Kepulauan Riau,10884,Negara
Korea Selatan,"Dumai, Riau",Dumai,Riau,233,Negara
Korea Selatan,"Entikong, Kalimantan Barat",Entikong,Kalimantan Barat,75,Negara
Korea Selatan,"Halim Perdanakusuma, DK Jakarta",Halim Perdanakusuma,DKI Jakarta,7,Negara
Korea Selatan,"Hang Nadim, Kep. Riau",Hang Nadim,Kepulauan Riau,2165,Negara
Korea Selatan,"Hasanuddin, Sulawesi Selatan",Hasanuddin,Sulawesi Selatan,51,Negara
Korea Selatan,"Juanda, Jawa Timur",Juanda,Jawa Timur,4357,Negara
Korea Selatan,"Kertajati, Jawa Barat",Kertajati,Jawa Barat,4,Negara
Korea Selatan,"Kualanamu, Sumatera Utara",Kualanamu,Sumatera Utara,1608,Negara
Korea Selatan,"Minangkabau, Sumatera Barat",Minangkabau,Sumatera Barat,59,Negara
Korea Selatan,"Nangga Badau, Kalimantan Barat",Nangga Badau,Kalimantan Barat,0,Negara
Korea Selatan,"Ngurah Rai, Bali",Ngurah Rai,Bali,293982,Negara
Korea Selatan,Perbatasan darat,Perbatasan darat,Perbatasan darat,725,Negara
Korea Selatan,Perbatasan laut,Perbatasan laut,Perbatasan laut,1905,Negara
Korea Selatan,Pintu lainnya,Pintu lainnya,Pintu lainnya,70,Negara
Korea Selatan,"Sam Ratulangi, Sulawesi Utara",Sam Ratulangi,Sulawesi Utara,252,Negara
Korea Selatan,"Sepinggan, Kalimantan Timur",Sepinggan,Kalimantan Timur,85,Negara
Korea Selatan,"Skow, Papua",Skow,Papua,6,Negara
Korea Selatan,"Soekarno Hatta, Banten",Soekarno Hatta,Banten,112211,Negara
Korea Selatan,"Sultan Iskandar Muda, Aceh",Sultan Iskandar Muda,Aceh,78,Negara
Korea Selatan,"Sultan Syarif Kasim II, Riau",Sultan Syarif Kasim II,Riau,223,Negara
Korea Selatan,"Tanjung Balai Karimun, Kepulauan Riau",Tanjung Balai Karimun,Kepulauan Riau,34,Negara
Korea Selatan,"Tanjung Benoa, Bali",Tanjung Benoa,Bali,26,Negara
Korea Selatan,"Tanjung Pinang, Kepulauan Riau",Tanjung Pinang,Kepulauan Riau,210,Negara
Korea Selatan,"Tanjung Uban, Kepulauan Riau",Tanjung Uban,Kepulauan Riau,4893,Negara
Kuwait,"Aruk, Kalimantan Barat",Aruk,Kalimantan Barat,0,Negara
Kuwait,"Atambua, NTT",Atambua,Nusa Tenggara Timur,0,Negara
Kuwait,"Bandara Internasional Lombok, NTB",Bandara Internasional Lombok,Nusa Tenggara Barat,3,Negara
Kuwait,"Bandara Internasional Yogyakarta, DIY",Bandara Internasional Yogyakarta,DI Yogyakarta,0,Negara
Kuwait,"Batam, Kepulauan Riau",Batam,Kepulauan Riau,30,Negara
Kuwait,"Dumai, Riau",Dumai,Riau,1,Negara
Kuwait,"Entikong, Kalimantan Barat",Entikong,Kalimantan Barat,0,Negara
Kuwait,"Halim Perdanakusuma, DK Jakarta",Halim Perdanakusuma,DKI Jakarta,0,Negara
Kuwait,"Hang Nadim, Kep. Riau",Hang Nadim,Kepulauan Riau,4,Negara
Kuwait,"Hasanuddin, Sulawesi Selatan",Hasanuddin,Sulawesi Selatan,0,Negara
Kuwait,"Juanda, Jawa Timur",Juanda,Jawa Timur,8,Negara
Kuwait,"Kertajati, Jawa Barat",Kertajati,Jawa Barat,0,Negara
Kuwait,"Kualanamu, Sumatera Utara",Kualanamu,Sumatera Utara,1,Negara
Kuwait,"Minangkabau, Sumatera Barat",Minangkabau,Sumatera Barat,0,Negara
Kuwait,"Nangga Badau, Kalimantan Barat",Nangga Badau,Kalimantan Barat,0,Negara
Kuwait,"Ngurah Rai, Bali",Ngurah Rai,Bali,2096,Negara
Kuwait,Perbatasan darat,Perbatasan darat,Perbatasan darat,2,Negara
Kuwait,Perbatasan laut,Perbatasan laut,Perbatasan laut,18,Negara
Kuwait,Pintu lainnya,Pintu lainnya,Pintu lainnya,3,Negara
Kuwait,"Sam Ratulangi, Sulawesi Utara",Sam Ratulangi,Sulawesi Utara,0,Negara
Kuwait,"Sepinggan, Kalimantan Timur",Sepinggan,Kalimantan Timur,0,Negara
Kuwait,"Skow, Papua",Skow,Papua,0,Negara
Kuwait,"Soekarno Hatta, Banten",Soekarno Hatta,Banten,2916,Negara
Kuwait,"Sultan Iskandar Muda, Aceh",Sultan Iskandar Muda,Aceh,0,Negara
Kuwait,"Sultan Syarif Kasim II, Riau",Sultan Syarif Kasim II,Riau,3,Negara
Kuwait,"Tanjung Balai Karimun, Kepulauan Riau",Tanjung Balai Karimun,Kepulauan Riau,0,Negara
Kuwait,"Tanjung Benoa, Bali",Tanjung Benoa,Bali,0,Negara
Kuwait,"Tanjung Pinang, Kepulauan Riau",Tanjung Pinang,Kepulauan Riau,0,Negara
Kuwait,"Tanjung Uban, Kepulauan Riau",Tanjung Uban,Kepulauan Riau,5,Negara
Malaysia,"Aruk, Kalimantan Barat",Aruk,Kalimantan Barat,23276,Negara
Malaysia,"Atambua, NTT",Atambua,Nusa Tenggara Timur,86,Negara
Malaysia,"Bandara Internasional Lombok, NTB",Bandara Internasional Lombok,Nusa Tenggara Barat,28464,Negara
Malaysia,"Bandara Internasional Yogyakarta, DIY",Bandara Internasional Yogyakarta,DI Yogyakarta,43586,Negara
Malaysia,"Batam, Kepulauan Riau",Batam,Kepulauan Riau,278082,Negara
Malaysia,"Dumai, Riau",Dumai,Riau,8120,Negara
Malaysia,"Entikong, Kalimantan Barat",Entikong,Kalimantan Barat,26935,Negara
Malaysia,"Halim Perdanakusuma, DK Jakarta",Halim Perdanakusuma,DKI Jakarta,125,Negara
Malaysia,"Hang Nadim, Kep. Riau",Hang Nadim,Kepulauan Riau,4725,Negara
Malaysia,"Hasanuddin, Sulawesi Selatan",Hasanuddin,Sulawesi Selatan,7115,Negara
Malaysia,"Juanda, Jawa Timur",Juanda,Jawa Timur,94051,Negara
Malaysia,"Kertajati, Jawa Barat",Kertajati,Jawa Barat,8035,Negara
Malaysia,"Kualanamu, Sumatera Utara",Kualanamu,Sumatera Utara,114934,Negara
Malaysia,"Minangkabau, Sumatera Barat",Minangkabau,Sumatera Barat,60894,Negara
Malaysia,"Nangga Badau, Kalimantan Barat",Nangga Badau,Kalimantan Barat,9879,Negara
Malaysia,"Ngurah Rai, Bali",Ngurah Rai,Bali,246081,Negara
Malaysia,Perbatasan darat,Perbatasan darat,Perbatasan darat,284414,Negara
Malaysia,Perbatasan laut,Perbatasan laut,Perbatasan laut,541550,Negara
Malaysia,Pintu lainnya,Pintu lainnya,Pintu lainnya,26624,Negara
Malaysia,"Sam Ratulangi, Sulawesi Utara",Sam Ratulangi,Sulawesi Utara,1930,Negara
Malaysia,"Sepinggan, Kalimantan Timur",Sepinggan,Kalimantan Timur,1861,Negara
Malaysia,"Skow, Papua",Skow,Papua,747,Negara
Malaysia,"Soekarno Hatta, Banten",Soekarno Hatta,Banten,366504,Negara
Malaysia,"Sultan Iskandar Muda, Aceh",Sultan Iskandar Muda,Aceh,25874,Negara
Malaysia,"Sultan Syarif Kasim II, Riau",Sultan Syarif Kasim II,Riau,21959,Negara
Malaysia,"Tanjung Balai Karimun, Kepulauan Riau",Tanjung Balai Karimun,Kepulauan Riau,32525,Negara
Malaysia,"Tanjung Benoa, Bali",Tanjung Benoa,Bali,57,Negara
Malaysia,"Tanjung Pinang, Kepulauan Riau",Tanjung Pinang,Kepulauan Riau,8456,Negara
Malaysia,"Tanjung Uban, Kepulauan Riau",Tanjung Uban,Kepulauan Riau,11392,Negara
Mesir,"Aruk, Kalimantan Barat",Aruk,Kalimantan Barat,0,Negara
Mesir,"Atambua, NTT",Atambua,Nusa Tenggara Timur,32,Negara
Mesir,"Bandara Internasional Lombok, NTB",Bandara Internasional Lombok,Nusa Tenggara Barat,42,Negara
Mesir,"Bandara Internasional Yogyakarta, DIY",Bandara Internasional Yogyakarta,DI Yogyakarta,19,Negara
Mesir,"Batam, Kepulauan Riau",Batam,Kepulauan Riau,168,Negara
Mesir,"Dumai, Riau",Dumai,Riau,5,Negara
Mesir,"Entikong, Kalimantan Barat",Entikong,Kalimantan Barat,7,Negara
Mesir,"Halim Perdanakusuma, DK Jakarta",Halim Perdanakusuma,DKI Jakarta,0,Negara
Mesir,"Hang Nadim, Kep. Riau",Hang Nadim,Kepulauan Riau,13,Negara
Mesir,"Hasanuddin, Sulawesi Selatan",Hasanuddin,Sulawesi Selatan,4,Negara
Mesir,"Juanda, Jawa Timur",Juanda,Jawa Timur,47,Negara
Mesir,"Kertajati, Jawa Barat",Kertajati,Jawa Barat,4,Negara
Mesir,"Kualanamu, Sumatera Utara",Kualanamu,Sumatera Utara,167,Negara
Mesir,"Minangkabau, Sumatera Barat",Minangkabau,Sumatera Barat,50,Negara
Mesir,"Nangga Badau, Kalimantan Barat",Nangga Badau,Kalimantan Barat,0,Negara
Mesir,"Ngurah Rai, Bali",Ngurah Rai,Bali,10266,Negara
Mesir,Perbatasan darat,Perbatasan darat,Perbatasan darat,2,Negara
Mesir,Perbatasan laut,Perbatasan laut,Perbatasan laut,458,Negara
Mesir,Pintu lainnya,Pintu lainnya,Pintu lainnya,10,Negara
Mesir,"Sam Ratulangi, Sulawesi Utara",Sam Ratulangi,Sulawesi Utara,0,Negara
Mesir,"Sepinggan, Kalimantan Timur",Sepinggan,Kalimantan Timur,4,Negara
Mesir,"Skow, Papua",Skow,Papua,3,Negara
Mesir,"Soekarno Hatta, Banten",Soekarno Hatta,Banten,8349,Negara
Mesir,"Sultan Iskandar Muda, Aceh",Sultan Iskandar Muda,Aceh,19,Negara
Mesir,"Sultan Syarif Kasim II, Riau",Sultan Syarif Kasim II,Riau,29,Negara
Mesir,"Tanjung Balai Karimun, Kepulauan Riau",Tanjung Balai Karimun,Kepulauan Riau,0,Negara
Mesir,"Tanjung Benoa, Bali",Tanjung Benoa,Bali,0,Negara
Mesir,"Tanjung Pinang, Kepulauan Riau",Tanjung Pinang,Kepulauan Riau,5,Negara
Mesir,"Tanjung Uban, Kepulauan Riau",Tanjung Uban,Kepulauan Riau,16,Negara
Myanmar,"Aruk, Kalimantan Barat",Aruk,Kalimantan Barat,3,Negara
Myanmar,"Atambua, NTT",Atambua,Nusa Tenggara Timur,4,Negara
Myanmar,"Bandara Internasional Lombok, NTB",Bandara Internasional Lombok,Nusa Tenggara Barat,64,Negara
Myanmar,"Bandara Internasional Yogyakarta, DIY",Bandara Internasional Yogyakarta,DI Yogyakarta,285,Negara
Myanmar,"Batam, Kepulauan Riau",Batam,Kepulauan Riau,19183,Negara
Myanmar,"Dumai, Riau",Dumai,Riau,10,Negara
Myanmar,"Entikong, Kalimantan Barat",Entikong,Kalimantan Barat,9,Negara
Myanmar,"Halim Perdanakusuma, DK Jakarta",Halim Perdanakusuma,DKI Jakarta,0,Negara
Myanmar,"Hang Nadim, Kep. Riau",Hang Nadim,Kepulauan Riau,20,Negara
Myanmar,"Hasanuddin, Sulawesi Selatan",Hasanuddin,Sulawesi Selatan,15,Negara
Myanmar,"Juanda, Jawa Timur",Juanda,Jawa Timur,753,Negara
Myanmar,"Kertajati, Jawa Barat",Kertajati,Jawa Barat,2,Negara
Myanmar,"Kualanamu, Sumatera Utara",Kualanamu,Sumatera Utara,338,Negara
Myanmar,"Minangkabau, Sumatera Barat",Minangkabau,Sumatera Barat,14,Negara
Myanmar,"Nangga Badau, Kalimantan Barat",Nangga Badau,Kalimantan Barat,0,Negara
Myanmar,"Ngurah Rai, Bali",Ngurah Rai,Bali,9571,Negara
Myanmar,Perbatasan darat,Perbatasan darat,Perbatasan darat,218,Negara
Myanmar,Perbatasan laut,Perbatasan laut,Perbatasan laut,10418,Negara
Myanmar,Pintu lainnya,Pintu lainnya,Pintu lainnya,42,Negara
Myanmar,"Sam Ratulangi, Sulawesi Utara",Sam Ratulangi,Sulawesi Utara,18,Negara
Myanmar,"Sepinggan, Kalimantan Timur",Sepinggan,Kalimantan Timur,37,Negara
Myanmar,"Skow, Papua",Skow,Papua,48,Negara
Myanmar,"Soekarno Hatta, Banten",Soekarno Hatta,Banten,4741,Negara
Myanmar,"Sultan Iskandar Muda, Aceh",Sultan Iskandar Muda,Aceh,3,Negara
Myanmar,"Sultan Syarif Kasim II, Riau",Sultan Syarif Kasim II,Riau,49,Negara
Myanmar,"Tanjung Balai Karimun, Kepulauan Riau",Tanjung Balai Karimun,Kepulauan Riau,61,Negara
Myanmar,"Tanjung Benoa, Bali",Tanjung Benoa,Bali,7,Negara
Myanmar,"Tanjung Pinang, Kepulauan Riau",Tanjung Pinang,Kepulauan Riau,459,Negara
Myanmar,"Tanjung Uban, Kepulauan Riau",Tanjung Uban,Kepulauan Riau,2883,Negara
Norwegia,"Aruk, Kalimantan Barat",Aruk,Kalimantan Barat,1,Negara
Norwegia,"Atambua, NTT",Atambua,Nusa Tenggara Timur,3,Negara
Norwegia,"Bandara Internasional Lombok, NTB",Bandara Internasional Lombok,Nusa Tenggara Barat,283,Negara
Norwegia,"Bandara Internasional Yogyakarta, DIY",Bandara Internasional Yogyakarta,DI Yogyakarta,50,Negara
Norwegia,"Batam, Kepulauan Riau",Batam,Kepulauan Riau,950,Negara
Norwegia,"Dumai, Riau",Dumai,Riau,2,Negara
Norwegia,"Entikong, Kalimantan Barat",Entikong,Kalimantan Barat,3,Negara
Norwegia,"Halim Perdanakusuma, DK Jakarta",Halim Perdanakusuma,DKI Jakarta,0,Negara
Norwegia,"Hang Nadim, Kep. Riau",Hang Nadim,Kepulauan Riau,12,Negara
Norwegia,"Hasanuddin, Sulawesi Selatan",Hasanuddin,Sulawesi Selatan,14,Negara
Norwegia,"Juanda, Jawa Timur",Juanda,Jawa Timur,97,Negara
Norwegia,"Kertajati, Jawa Barat",Kertajati,Jawa Barat,0,Negara
Norwegia,"Kualanamu, Sumatera Utara",Kualanamu,Sumatera Utara,375,Negara
Norwegia,"Minangkabau, Sumatera Barat",Minangkabau,Sumatera Barat,34,Negara
Norwegia,"Nangga Badau, Kalimantan Barat",Nangga Badau,Kalimantan Barat,0,Negara
Norwegia,"Ngurah Rai, Bali",Ngurah Rai,Bali,17148,Negara
Norwegia,Perbatasan darat,Perbatasan darat,Perbatasan darat,0,Negara
Norwegia,Perbatasan laut,Perbatasan laut,Perbatasan laut,33,Negara
Norwegia,Pintu lainnya,Pintu lainnya,Pintu lainnya,199,Negara
Norwegia,"Sam Ratulangi, Sulawesi Utara",Sam Ratulangi,Sulawesi Utara,25,Negara
Norwegia,"Sepinggan, Kalimantan Timur",Sepinggan,Kalimantan Timur,4,Negara
Norwegia,"Skow, Papua",Skow,Papua,0,Negara
Norwegia,"Soekarno Hatta, Banten",Soekarno Hatta,Banten,2404,Negara
Norwegia,"Sultan Iskandar Muda, Aceh",Sultan Iskandar Muda,Aceh,76,Negara
Norwegia,"Sultan Syarif Kasim II, Riau",Sultan Syarif Kasim II,Riau,12,Negara
Norwegia,"Tanjung Balai Karimun, Kepulauan Riau",Tanjung Balai Karimun,Kepulauan Riau,6,Negara
Norwegia,"Tanjung Benoa, Bali",Tanjung Benoa,Bali,27,Negara
Norwegia,"Tanjung Pinang, Kepulauan Riau",Tanjung Pinang,Kepulauan Riau,39,Negara
Norwegia,"Tanjung Uban, Kepulauan Riau",Tanjung Uban,Kepulauan Riau,373,Negara
Oceania Lainnya,"Aruk, Kalimantan Barat",Aruk,Kalimantan Barat,0,Kelompok
Oceania Lainnya,"Atambua, NTT",Atambua,Nusa Tenggara Timur,1,Kelompok
Oceania Lainnya,"Bandara Internasional Lombok, NTB",Bandara Internasional Lombok,Nusa Tenggara Barat,1,Kelompok
Oceania Lainnya,"Bandara Internasional Yogyakarta, DIY",Bandara Internasional Yogyakarta,DI Yogyakarta,2,Kelompok
Oceania Lainnya,"Batam, Kepulauan Riau",Batam,Kepulauan Riau,26,Kelompok
Oceania Lainnya,"Dumai, Riau",Dumai,Riau,0,Kelompok
Oceania Lainnya,"Entikong, Kalimantan Barat",Entikong,Kalimantan Barat,0,Kelompok
Oceania Lainnya,"Halim Perdanakusuma, DK Jakarta",Halim Perdanakusuma,DKI Jakarta,0,Kelompok
Oceania Lainnya,"Hang Nadim, Kep. Riau",Hang Nadim,Kepulauan Riau,0,Kelompok
Oceania Lainnya,"Hasanuddin, Sulawesi Selatan",Hasanuddin,Sulawesi Selatan,0,Kelompok
Oceania Lainnya,"Juanda, Jawa Timur",Juanda,Jawa Timur,29,Kelompok
Oceania Lainnya,"Kertajati, Jawa Barat",Kertajati,Jawa Barat,0,Kelompok
Oceania Lainnya,"Kualanamu, Sumatera Utara",Kualanamu,Sumatera Utara,0,Kelompok
Oceania Lainnya,"Minangkabau, Sumatera Barat",Minangkabau,Sumatera Barat,0,Kelompok
Oceania Lainnya,"Nangga Badau, Kalimantan Barat",Nangga Badau,Kalimantan Barat,0,Kelompok
Oceania Lainnya,"Ngurah Rai, Bali",Ngurah Rai,Bali,1177,Kelompok
Oceania Lainnya,Perbatasan darat,Perbatasan darat,Perbatasan darat,16,Kelompok
Oceania Lainnya,Perbatasan laut,Perbatasan laut,Perbatasan laut,20,Kelompok
Oceania Lainnya,Pintu lainnya,Pintu lainnya,Pintu lainnya,16,Kelompok
Oceania Lainnya,"Sam Ratulangi, Sulawesi Utara",Sam Ratulangi,Sulawesi Utara,5,Kelompok
Oceania Lainnya,"Sepinggan, Kalimantan Timur",Sepinggan,Kalimantan Timur,0,Kelompok
Oceania Lainnya,"Skow, Papua",Skow,Papua,12,Kelompok
Oceania Lainnya,"Soekarno Hatta, Banten",Soekarno Hatta,Banten,482,Kelompok
Oceania Lainnya,"Sultan Iskandar Muda, Aceh",Sultan Iskandar Muda,Aceh,0,Kelompok
Oceania Lainnya,"Sultan Syarif Kasim II, Riau",Sultan Syarif Kasim II,Riau,0,Kelompok
Oceania Lainnya,"Tanjung Balai Karimun, Kepulauan Riau",Tanjung Balai Karimun,Kepulauan Riau,0,Kelompok
Oceania Lainnya,"Tanjung Benoa, Bali",Tanjung Benoa,Bali,2,Kelompok
Oceania Lainnya,"Tanjung Pinang, Kepulauan Riau",Tanjung Pinang,Kepulauan Riau,0,Kelompok
Oceania Lainnya,"Tanjung Uban, Kepulauan Riau",Tanjung Uban,Kepulauan Riau,5,Kelompok
Pakistan,"Aruk, Kalimantan Barat",Aruk,Kalimantan Barat,12,Negara
Pakistan,"Atambua, NTT",Atambua,Nusa Tenggara Timur,84,Negara
Pakistan,"Bandara Internasional Lombok, NTB",Bandara Internasional Lombok,Nusa Tenggara Barat,20,Negara
Pakistan,"Bandara Internasional Yogyakarta, DIY",Bandara Internasional Yogyakarta,DI Yogyakarta,50,Negara
Pakistan,"Batam, Kepulauan Riau",Batam,Kepulauan Riau,394,Negara
Pakistan,"Dumai, Riau",Dumai,Riau,5,Negara
Pakistan,"Entikong, Kalimantan Barat",Entikong,Kalimantan Barat,32,Negara
Pakistan,"Halim Perdanakusuma, DK Jakarta",Halim Perdanakusuma,DKI Jakarta,1,Negara
Pakistan,"Hang Nadim, Kep. Riau",Hang Nadim,Kepulauan Riau,21,Negara
Pakistan,"Hasanuddin, Sulawesi Selatan",Hasanuddin,Sulawesi Selatan,10,Negara
Pakistan,"Juanda, Jawa Timur",Juanda,Jawa Timur,185,Negara
Pakistan,"Kertajati, Jawa Barat",Kertajati,Jawa Barat,4,Negara
Pakistan,"Kualanamu, Sumatera Utara",Kualanamu,Sumatera Utara,372,Negara
Pakistan,"Minangkabau, Sumatera Barat",Minangkabau,Sumatera Barat,60,Negara
Pakistan,"Nangga Badau, Kalimantan Barat",Nangga Badau,Kalimantan Barat,0,Negara
Pakistan,"Ngurah Rai, Bali",Ngurah Rai,Bali,12797,Negara
Pakistan,Perbatasan darat,Perbatasan darat,Perbatasan darat,1,Negara
Pakistan,Perbatasan laut,Perbatasan laut,Perbatasan laut,268,Negara
Pakistan,Pintu lainnya,Pintu lainnya,Pintu lainnya,15,Negara
Pakistan,"Sam Ratulangi, Sulawesi Utara",Sam Ratulangi,Sulawesi Utara,2,Negara
Pakistan,"Sepinggan, Kalimantan Timur",Sepinggan,Kalimantan Timur,6,Negara
Pakistan,"Skow, Papua",Skow,Papua,1,Negara
Pakistan,"Soekarno Hatta, Banten",Soekarno Hatta,Banten,8689,Negara
Pakistan,"Sultan Iskandar Muda, Aceh",Sultan Iskandar Muda,Aceh,27,Negara
Pakistan,"Sultan Syarif Kasim II, Riau",Sultan Syarif Kasim II,Riau,41,Negara
Pakistan,"Tanjung Balai Karimun, Kepulauan Riau",Tanjung Balai Karimun,Kepulauan Riau,8,Negara
Pakistan,"Tanjung Benoa, Bali",Tanjung Benoa,Bali,0,Negara
Pakistan,"Tanjung Pinang, Kepulauan Riau",Tanjung Pinang,Kepulauan Riau,3,Negara
Pakistan,"Tanjung Uban, Kepulauan Riau",Tanjung Uban,Kepulauan Riau,42,Negara
Papua Nugini,"Aruk, Kalimantan Barat",Aruk,Kalimantan Barat,2,Negara
Papua Nugini,"Atambua, NTT",Atambua,Nusa Tenggara Timur,2,Negara
Papua Nugini,"Bandara Internasional Lombok, NTB",Bandara Internasional Lombok,Nusa Tenggara Barat,1,Negara
Papua Nugini,"Bandara Internasional Yogyakarta, DIY",Bandara Internasional Yogyakarta,DI Yogyakarta,4,Negara
Papua Nugini,"Batam, Kepulauan Riau",Batam,Kepulauan Riau,16,Negara
Papua Nugini,"Dumai, Riau",Dumai,Riau,0,Negara
Papua Nugini,"Entikong, Kalimantan Barat",Entikong,Kalimantan Barat,4,Negara
Papua Nugini,"Halim Perdanakusuma, DK Jakarta",Halim Perdanakusuma,DKI Jakarta,4,Negara
Papua Nugini,"Hang Nadim, Kep. Riau",Hang Nadim,Kepulauan Riau,0,Negara
Papua Nugini,"Hasanuddin, Sulawesi Selatan",Hasanuddin,Sulawesi Selatan,0,Negara
Papua Nugini,"Juanda, Jawa Timur",Juanda,Jawa Timur,1,Negara
Papua Nugini,"Kertajati, Jawa Barat",Kertajati,Jawa Barat,0,Negara
Papua Nugini,"Kualanamu, Sumatera Utara",Kualanamu,Sumatera Utara,3,Negara
Papua Nugini,"Minangkabau, Sumatera Barat",Minangkabau,Sumatera Barat,0,Negara
Papua Nugini,"Nangga Badau, Kalimantan Barat",Nangga Badau,Kalimantan Barat,0,Negara
Papua Nugini,"Ngurah Rai, Bali",Ngurah Rai,Bali,469,Negara
Papua Nugini,Perbatasan darat,Perbatasan darat,Perbatasan darat,14031,Negara
Papua Nugini,Perbatasan laut,Perbatasan laut,Perbatasan laut,35,Negara
Papua Nugini,Pintu lainnya,Pintu lainnya,Pintu lainnya,256,Negara
Papua Nugini,"Sam Ratulangi, Sulawesi Utara",Sam Ratulangi,Sulawesi Utara,9,Negara
Papua Nugini,"Sepinggan, Kalimantan Timur",Sepinggan,Kalimantan Timur,0,Negara
Papua Nugini,"Skow, Papua",Skow,Papua,109301,Negara
Papua Nugini,"Soekarno Hatta, Banten",Soekarno Hatta,Banten,354,Negara
Papua Nugini,"Sultan Iskandar Muda, Aceh",Sultan Iskandar Muda,Aceh,0,Negara
Papua Nugini,"Sultan Syarif Kasim II, Riau",Sultan Syarif Kasim II,Riau,0,Negara
Papua Nugini,"Tanjung Balai Karimun, Kepulauan Riau",Tanjung Balai Karimun,Kepulauan Riau,0,Negara
Papua Nugini,"Tanjung Benoa, Bali",Tanjung Benoa,Bali,0,Negara
Papua Nugini,"Tanjung Pinang, Kepulauan Riau",Tanjung Pinang,Kepulauan Riau,0,Negara
Papua Nugini,"Tanjung Uban, Kepulauan Riau",Tanjung Uban,Kepulauan Riau,0,Negara
Perancis,"Aruk, Kalimantan Barat",Aruk,Kalimantan Barat,4,Negara
Perancis,"Atambua, NTT",Atambua,Nusa Tenggara Timur,77,Negara
Perancis,"Bandara Internasional Lombok, NTB",Bandara Internasional Lombok,Nusa Tenggara Barat,3804,Negara
Perancis,"Bandara Internasional Yogyakarta, DIY",Bandara Internasional Yogyakarta,DI Yogyakarta,3072,Negara
Perancis,"Batam, Kepulauan Riau",Batam,Kepulauan Riau,2885,Negara
Perancis,"Dumai, Riau",Dumai,Riau,167,Negara
Perancis,"Entikong, Kalimantan Barat",Entikong,Kalimantan Barat,32,Negara
Perancis,"Halim Perdanakusuma, DK Jakarta",Halim Perdanakusuma,DKI Jakarta,114,Negara
Perancis,"Hang Nadim, Kep. Riau",Hang Nadim,Kepulauan Riau,37,Negara
Perancis,"Hasanuddin, Sulawesi Selatan",Hasanuddin,Sulawesi Selatan,436,Negara
Perancis,"Juanda, Jawa Timur",Juanda,Jawa Timur,2901,Negara
Perancis,"Kertajati, Jawa Barat",Kertajati,Jawa Barat,16,Negara
Perancis,"Kualanamu, Sumatera Utara",Kualanamu,Sumatera Utara,4576,Negara
Perancis,"Minangkabau, Sumatera Barat",Minangkabau,Sumatera Barat,590,Negara
Perancis,"Nangga Badau, Kalimantan Barat",Nangga Badau,Kalimantan Barat,0,Negara
Perancis,"Ngurah Rai, Bali",Ngurah Rai,Bali,257377,Negara
Perancis,Perbatasan darat,Perbatasan darat,Perbatasan darat,143,Negara
Perancis,Perbatasan laut,Perbatasan laut,Perbatasan laut,1512,Negara
Perancis,Pintu lainnya,Pintu lainnya,Pintu lainnya,654,Negara
Perancis,"Sam Ratulangi, Sulawesi Utara",Sam Ratulangi,Sulawesi Utara,908,Negara
Perancis,"Sepinggan, Kalimantan Timur",Sepinggan,Kalimantan Timur,51,Negara
Perancis,"Skow, Papua",Skow,Papua,3,Negara
Perancis,"Soekarno Hatta, Banten",Soekarno Hatta,Banten,60917,Negara
Perancis,"Sultan Iskandar Muda, Aceh",Sultan Iskandar Muda,Aceh,285,Negara
Perancis,"Sultan Syarif Kasim II, Riau",Sultan Syarif Kasim II,Riau,66,Negara
Perancis,"Tanjung Balai Karimun, Kepulauan Riau",Tanjung Balai Karimun,Kepulauan Riau,63,Negara
Perancis,"Tanjung Benoa, Bali",Tanjung Benoa,Bali,82,Negara
Perancis,"Tanjung Pinang, Kepulauan Riau",Tanjung Pinang,Kepulauan Riau,349,Negara
Perancis,"Tanjung Uban, Kepulauan Riau",Tanjung Uban,Kepulauan Riau,5216,Negara
Portugal,"Aruk, Kalimantan Barat",Aruk,Kalimantan Barat,0,Negara
Portugal,"Atambua, NTT",Atambua,Nusa Tenggara Timur,902,Negara
Portugal,"Bandara Internasional Lombok, NTB",Bandara Internasional Lombok,Nusa Tenggara Barat,292,Negara
Portugal,"Bandara Internasional Yogyakarta, DIY",Bandara Internasional Yogyakarta,DI Yogyakarta,155,Negara
Portugal,"Batam, Kepulauan Riau",Batam,Kepulauan Riau,178,Negara
Portugal,"Dumai, Riau",Dumai,Riau,5,Negara
Portugal,"Entikong, Kalimantan Barat",Entikong,Kalimantan Barat,3,Negara
Portugal,"Halim Perdanakusuma, DK Jakarta",Halim Perdanakusuma,DKI Jakarta,0,Negara
Portugal,"Hang Nadim, Kep. Riau",Hang Nadim,Kepulauan Riau,1,Negara
Portugal,"Hasanuddin, Sulawesi Selatan",Hasanuddin,Sulawesi Selatan,9,Negara
Portugal,"Juanda, Jawa Timur",Juanda,Jawa Timur,201,Negara
Portugal,"Kertajati, Jawa Barat",Kertajati,Jawa Barat,0,Negara
Portugal,"Kualanamu, Sumatera Utara",Kualanamu,Sumatera Utara,119,Negara
Portugal,"Minangkabau, Sumatera Barat",Minangkabau,Sumatera Barat,66,Negara
Portugal,"Nangga Badau, Kalimantan Barat",Nangga Badau,Kalimantan Barat,0,Negara
Portugal,"Ngurah Rai, Bali",Ngurah Rai,Bali,30092,Negara
Portugal,Perbatasan darat,Perbatasan darat,Perbatasan darat,22,Negara
Portugal,Perbatasan laut,Perbatasan laut,Perbatasan laut,192,Negara
Portugal,Pintu lainnya,Pintu lainnya,Pintu lainnya,82,Negara
Portugal,"Sam Ratulangi, Sulawesi Utara",Sam Ratulangi,Sulawesi Utara,20,Negara
Portugal,"Sepinggan, Kalimantan Timur",Sepinggan,Kalimantan Timur,3,Negara
Portugal,"Skow, Papua",Skow,Papua,0,Negara
Portugal,"Soekarno Hatta, Banten",Soekarno Hatta,Banten,4723,Negara
Portugal,"Sultan Iskandar Muda, Aceh",Sultan Iskandar Muda,Aceh,7,Negara
Portugal,"Sultan Syarif Kasim II, Riau",Sultan Syarif Kasim II,Riau,3,Negara
Portugal,"Tanjung Balai Karimun, Kepulauan Riau",Tanjung Balai Karimun,Kepulauan Riau,13,Negara
Portugal,"Tanjung Benoa, Bali",Tanjung Benoa,Bali,45,Negara
Portugal,"Tanjung Pinang, Kepulauan Riau",Tanjung Pinang,Kepulauan Riau,10,Negara
Portugal,"Tanjung Uban, Kepulauan Riau",Tanjung Uban,Kepulauan Riau,207,Negara
Qatar,"Aruk, Kalimantan Barat",Aruk,Kalimantan Barat,0,Negara
Qatar,"Atambua, NTT",Atambua,Nusa Tenggara Timur,0,Negara
Qatar,"Bandara Internasional Lombok, NTB",Bandara Internasional Lombok,Nusa Tenggara Barat,0,Negara
Qatar,"Bandara Internasional Yogyakarta, DIY",Bandara Internasional Yogyakarta,DI Yogyakarta,0,Negara
Qatar,"Batam, Kepulauan Riau",Batam,Kepulauan Riau,23,Negara
Qatar,"Dumai, Riau",Dumai,Riau,0,Negara
Qatar,"Entikong, Kalimantan Barat",Entikong,Kalimantan Barat,0,Negara
Qatar,"Halim Perdanakusuma, DK Jakarta",Halim Perdanakusuma,DKI Jakarta,2,Negara
Qatar,"Hang Nadim, Kep. Riau",Hang Nadim,Kepulauan Riau,0,Negara
Qatar,"Hasanuddin, Sulawesi Selatan",Hasanuddin,Sulawesi Selatan,0,Negara
Qatar,"Juanda, Jawa Timur",Juanda,Jawa Timur,0,Negara
Qatar,"Kertajati, Jawa Barat",Kertajati,Jawa Barat,0,Negara
Qatar,"Kualanamu, Sumatera Utara",Kualanamu,Sumatera Utara,9,Negara
Qatar,"Minangkabau, Sumatera Barat",Minangkabau,Sumatera Barat,0,Negara
Qatar,"Nangga Badau, Kalimantan Barat",Nangga Badau,Kalimantan Barat,0,Negara
Qatar,"Ngurah Rai, Bali",Ngurah Rai,Bali,853,Negara
Qatar,Perbatasan darat,Perbatasan darat,Perbatasan darat,2,Negara
Qatar,Perbatasan laut,Perbatasan laut,Perbatasan laut,79,Negara
Qatar,Pintu lainnya,Pintu lainnya,Pintu lainnya,0,Negara
Qatar,"Sam Ratulangi, Sulawesi Utara",Sam Ratulangi,Sulawesi Utara,0,Negara
Qatar,"Sepinggan, Kalimantan Timur",Sepinggan,Kalimantan Timur,0,Negara
Qatar,"Skow, Papua",Skow,Papua,0,Negara
Qatar,"Soekarno Hatta, Banten",Soekarno Hatta,Banten,630,Negara
Qatar,"Sultan Iskandar Muda, Aceh",Sultan Iskandar Muda,Aceh,0,Negara
Qatar,"Sultan Syarif Kasim II, Riau",Sultan Syarif Kasim II,Riau,5,Negara
Qatar,"Tanjung Balai Karimun, Kepulauan Riau",Tanjung Balai Karimun,Kepulauan Riau,3,Negara
Qatar,"Tanjung Benoa, Bali",Tanjung Benoa,Bali,0,Negara
Qatar,"Tanjung Pinang, Kepulauan Riau",Tanjung Pinang,Kepulauan Riau,0,Negara
Qatar,"Tanjung Uban, Kepulauan Riau",Tanjung Uban,Kepulauan Riau,0,Negara
Rusia,"Aruk, Kalimantan Barat",Aruk,Kalimantan Barat,0,Negara
Rusia,"Atambua, NTT",Atambua,Nusa Tenggara Timur,6,Negara
Rusia,"Bandara Internasional Lombok, NTB",Bandara Internasional Lombok,Nusa Tenggara Barat,688,Negara
Rusia,"Bandara Internasional Yogyakarta, DIY",Bandara Internasional Yogyakarta,DI Yogyakarta,312,Negara
Rusia,"Batam, Kepulauan Riau",Batam,Kepulauan Riau,518,Negara
Rusia,"Dumai, Riau",Dumai,Riau,17,Negara
Rusia,"Entikong, Kalimantan Barat",Entikong,Kalimantan Barat,9,Negara
Rusia,"Halim Perdanakusuma, DK Jakarta",Halim Perdanakusuma,DKI Jakarta,1,Negara
Rusia,"Hang Nadim, Kep. Riau",Hang Nadim,Kepulauan Riau,32,Negara
Rusia,"Hasanuddin, Sulawesi Selatan",Hasanuddin,Sulawesi Selatan,41,Negara
Rusia,"Juanda, Jawa Timur",Juanda,Jawa Timur,483,Negara
Rusia,"Kertajati, Jawa Barat",Kertajati,Jawa Barat,1,Negara
Rusia,"Kualanamu, Sumatera Utara",Kualanamu,Sumatera Utara,381,Negara
Rusia,"Minangkabau, Sumatera Barat",Minangkabau,Sumatera Barat,75,Negara
Rusia,"Nangga Badau, Kalimantan Barat",Nangga Badau,Kalimantan Barat,1,Negara
Rusia,"Ngurah Rai, Bali",Ngurah Rai,Bali,161938,Negara
Rusia,Perbatasan darat,Perbatasan darat,Perbatasan darat,15,Negara
Rusia,Perbatasan laut,Perbatasan laut,Perbatasan laut,1158,Negara
Rusia,Pintu lainnya,Pintu lainnya,Pintu lainnya,206,Negara
Rusia,"Sam Ratulangi, Sulawesi Utara",Sam Ratulangi,Sulawesi Utara,62,Negara
Rusia,"Sepinggan, Kalimantan Timur",Sepinggan,Kalimantan Timur,12,Negara
Rusia,"Skow, Papua",Skow,Papua,1,Negara
Rusia,"Soekarno Hatta, Banten",Soekarno Hatta,Banten,13406,Negara
Rusia,"Sultan Iskandar Muda, Aceh",Sultan Iskandar Muda,Aceh,50,Negara
Rusia,"Sultan Syarif Kasim II, Riau",Sultan Syarif Kasim II,Riau,48,Negara
Rusia,"Tanjung Balai Karimun, Kepulauan Riau",Tanjung Balai Karimun,Kepulauan Riau,4,Negara
Rusia,"Tanjung Benoa, Bali",Tanjung Benoa,Bali,68,Negara
Rusia,"Tanjung Pinang, Kepulauan Riau",Tanjung Pinang,Kepulauan Riau,44,Negara
Rusia,"Tanjung Uban, Kepulauan Riau",Tanjung Uban,Kepulauan Riau,638,Negara
Saudi Arabia,"Aruk, Kalimantan Barat",Aruk,Kalimantan Barat,0,Negara
Saudi Arabia,"Atambua, NTT",Atambua,Nusa Tenggara Timur,0,Negara
Saudi Arabia,"Bandara Internasional Lombok, NTB",Bandara Internasional Lombok,Nusa Tenggara Barat,29,Negara
Saudi Arabia,"Bandara Internasional Yogyakarta, DIY",Bandara Internasional Yogyakarta,DI Yogyakarta,7,Negara
Saudi Arabia,"Batam, Kepulauan Riau",Batam,Kepulauan Riau,502,Negara
Saudi Arabia,"Dumai, Riau",Dumai,Riau,1,Negara
Saudi Arabia,"Entikong, Kalimantan Barat",Entikong,Kalimantan Barat,3,Negara
Saudi Arabia,"Halim Perdanakusuma, DK Jakarta",Halim Perdanakusuma,DKI Jakarta,5,Negara
Saudi Arabia,"Hang Nadim, Kep. Riau",Hang Nadim,Kepulauan Riau,18,Negara
Saudi Arabia,"Hasanuddin, Sulawesi Selatan",Hasanuddin,Sulawesi Selatan,4,Negara
Saudi Arabia,"Juanda, Jawa Timur",Juanda,Jawa Timur,148,Negara
Saudi Arabia,"Kertajati, Jawa Barat",Kertajati,Jawa Barat,7,Negara
Saudi Arabia,"Kualanamu, Sumatera Utara",Kualanamu,Sumatera Utara,152,Negara
Saudi Arabia,"Minangkabau, Sumatera Barat",Minangkabau,Sumatera Barat,50,Negara
Saudi Arabia,"Nangga Badau, Kalimantan Barat",Nangga Badau,Kalimantan Barat,0,Negara
Saudi Arabia,"Ngurah Rai, Bali",Ngurah Rai,Bali,14595,Negara
Saudi Arabia,Perbatasan darat,Perbatasan darat,Perbatasan darat,48,Negara
Saudi Arabia,Perbatasan laut,Perbatasan laut,Perbatasan laut,2022,Negara
Saudi Arabia,Pintu lainnya,Pintu lainnya,Pintu lainnya,57,Negara
Saudi Arabia,"Sam Ratulangi, Sulawesi Utara",Sam Ratulangi,Sulawesi Utara,0,Negara
Saudi Arabia,"Sepinggan, Kalimantan Timur",Sepinggan,Kalimantan Timur,1,Negara
Saudi Arabia,"Skow, Papua",Skow,Papua,0,Negara
Saudi Arabia,"Soekarno Hatta, Banten",Soekarno Hatta,Banten,117911,Negara
Saudi Arabia,"Sultan Iskandar Muda, Aceh",Sultan Iskandar Muda,Aceh,13,Negara
Saudi Arabia,"Sultan Syarif Kasim II, Riau",Sultan Syarif Kasim II,Riau,26,Negara
Saudi Arabia,"Tanjung Balai Karimun, Kepulauan Riau",Tanjung Balai Karimun,Kepulauan Riau,0,Negara
Saudi Arabia,"Tanjung Benoa, Bali",Tanjung Benoa,Bali,6,Negara
Saudi Arabia,"Tanjung Pinang, Kepulauan Riau",Tanjung Pinang,Kepulauan Riau,4,Negara
Saudi Arabia,"Tanjung Uban, Kepulauan Riau",Tanjung Uban,Kepulauan Riau,34,Negara
Selandia Baru,"Aruk, Kalimantan Barat",Aruk,Kalimantan Barat,2,Negara
Selandia Baru,"Atambua, NTT",Atambua,Nusa Tenggara Timur,28,Negara
Selandia Baru,"Bandara Internasional Lombok, NTB",Bandara Internasional Lombok,Nusa Tenggara Barat,380,Negara
Selandia Baru,"Bandara Internasional Yogyakarta, DIY",Bandara Internasional Yogyakarta,DI Yogyakarta,112,Negara
Selandia Baru,"Batam, Kepulauan Riau",Batam,Kepulauan Riau,1498,Negara
Selandia Baru,"Dumai, Riau",Dumai,Riau,9,Negara
Selandia Baru,"Entikong, Kalimantan Barat",Entikong,Kalimantan Barat,32,Negara
Selandia Baru,"Halim Perdanakusuma, DK Jakarta",Halim Perdanakusuma,DKI Jakarta,2,Negara
Selandia Baru,"Hang Nadim, Kep. Riau",Hang Nadim,Kepulauan Riau,7,Negara
Selandia Baru,"Hasanuddin, Sulawesi Selatan",Hasanuddin,Sulawesi Selatan,11,Negara
Selandia Baru,"Juanda, Jawa Timur",Juanda,Jawa Timur,238,Negara
Selandia Baru,"Kertajati, Jawa Barat",Kertajati,Jawa Barat,0,Negara
Selandia Baru,"Kualanamu, Sumatera Utara",Kualanamu,Sumatera Utara,580,Negara
Selandia Baru,"Minangkabau, Sumatera Barat",Minangkabau,Sumatera Barat,304,Negara
Selandia Baru,"Nangga Badau, Kalimantan Barat",Nangga Badau,Kalimantan Barat,0,Negara
Selandia Baru,"Ngurah Rai, Bali",Ngurah Rai,Bali,144822,Negara
Selandia Baru,Perbatasan darat,Perbatasan darat,Perbatasan darat,37,Negara
Selandia Baru,Perbatasan laut,Perbatasan laut,Perbatasan laut,198,Negara
Selandia Baru,Pintu lainnya,Pintu lainnya,Pintu lainnya,1752,Negara
Selandia Baru,"Sam Ratulangi, Sulawesi Utara",Sam Ratulangi,Sulawesi Utara,67,Negara
Selandia Baru,"Sepinggan, Kalimantan Timur",Sepinggan,Kalimantan Timur,7,Negara
Selandia Baru,"Skow, Papua",Skow,Papua,4,Negara
Selandia Baru,"Soekarno Hatta, Banten",Soekarno Hatta,Banten,6967,Negara
Selandia Baru,"Sultan Iskandar Muda, Aceh",Sultan Iskandar Muda,Aceh,36,Negara
Selandia Baru,"Sultan Syarif Kasim II, Riau",Sultan Syarif Kasim II,Riau,33,Negara
Selandia Baru,"Tanjung Balai Karimun, Kepulauan Riau",Tanjung Balai Karimun,Kepulauan Riau,4,Negara
Selandia Baru,"Tanjung Benoa, Bali",Tanjung Benoa,Bali,669,Negara
Selandia Baru,"Tanjung Pinang, Kepulauan Riau",Tanjung Pinang,Kepulauan Riau,48,Negara
Selandia Baru,"Tanjung Uban, Kepulauan Riau",Tanjung Uban,Kepulauan Riau,1382,Negara
Singapura,"Aruk, Kalimantan Barat",Aruk,Kalimantan Barat,166,Negara
Singapura,"Atambua, NTT",Atambua,Nusa Tenggara Timur,33,Negara
Singapura,"Bandara Internasional Lombok, NTB",Bandara Internasional Lombok,Nusa Tenggara Barat,8237,Negara
Singapura,"Bandara Internasional Yogyakarta, DIY",Bandara Internasional Yogyakarta,DI Yogyakarta,12322,Negara
Singapura,"Batam, Kepulauan Riau",Batam,Kepulauan Riau,695508,Negara
Singapura,"Dumai, Riau",Dumai,Riau,132,Negara
Singapura,"Entikong, Kalimantan Barat",Entikong,Kalimantan Barat,368,Negara
Singapura,"Halim Perdanakusuma, DK Jakarta",Halim Perdanakusuma,DKI Jakarta,214,Negara
Singapura,"Hang Nadim, Kep. Riau",Hang Nadim,Kepulauan Riau,158,Negara
Singapura,"Hasanuddin, Sulawesi Selatan",Hasanuddin,Sulawesi Selatan,861,Negara
Singapura,"Juanda, Jawa Timur",Juanda,Jawa Timur,27835,Negara
Singapura,"Kertajati, Jawa Barat",Kertajati,Jawa Barat,440,Negara
Singapura,"Kualanamu, Sumatera Utara",Kualanamu,Sumatera Utara,14356,Negara
Singapura,"Minangkabau, Sumatera Barat",Minangkabau,Sumatera Barat,765,Negara
Singapura,"Nangga Badau, Kalimantan Barat",Nangga Badau,Kalimantan Barat,6,Negara
Singapura,"Ngurah Rai, Bali",Ngurah Rai,Bali,218843,Negara
Singapura,Perbatasan darat,Perbatasan darat,Perbatasan darat,768,Negara
Singapura,Perbatasan laut,Perbatasan laut,Perbatasan laut,94905,Negara
Singapura,Pintu lainnya,Pintu lainnya,Pintu lainnya,1942,Negara
Singapura,"Sam Ratulangi, Sulawesi Utara",Sam Ratulangi,Sulawesi Utara,1767,Negara
Singapura,"Sepinggan, Kalimantan Timur",Sepinggan,Kalimantan Timur,800,Negara
Singapura,"Skow, Papua",Skow,Papua,3,Negara
Singapura,"Soekarno Hatta, Banten",Soekarno Hatta,Banten,190101,Negara
Singapura,"Sultan Iskandar Muda, Aceh",Sultan Iskandar Muda,Aceh,475,Negara
Singapura,"Sultan Syarif Kasim II, Riau",Sultan Syarif Kasim II,Riau,3653,Negara
Singapura,"Tanjung Balai Karimun, Kepulauan Riau",Tanjung Balai Karimun,Kepulauan Riau,14791,Negara
Singapura,"Tanjung Benoa, Bali",Tanjung Benoa,Bali,63,Negara
Singapura,"Tanjung Pinang, Kepulauan Riau",Tanjung Pinang,Kepulauan Riau,28620,Negara
Singapura,"Tanjung Uban, Kepulauan Riau",Tanjung Uban,Kepulauan Riau,89883,Negara
Spanyol,"Aruk, Kalimantan Barat",Aruk,Kalimantan Barat,2,Negara
Spanyol,"Atambua, NTT",Atambua,Nusa Tenggara Timur,55,Negara
Spanyol,"Bandara Internasional Lombok, NTB",Bandara Internasional Lombok,Nusa Tenggara Barat,1325,Negara
Spanyol,"Bandara Internasional Yogyakarta, DIY",Bandara Internasional Yogyakarta,DI Yogyakarta,1454,Negara
Spanyol,"Batam, Kepulauan Riau",Batam,Kepulauan Riau,654,Negara
Spanyol,"Dumai, Riau",Dumai,Riau,11,Negara
Spanyol,"Entikong, Kalimantan Barat",Entikong,Kalimantan Barat,4,Negara
Spanyol,"Halim Perdanakusuma, DK Jakarta",Halim Perdanakusuma,DKI Jakarta,1,Negara
Spanyol,"Hang Nadim, Kep. Riau",Hang Nadim,Kepulauan Riau,6,Negara
Spanyol,"Hasanuddin, Sulawesi Selatan",Hasanuddin,Sulawesi Selatan,110,Negara
Spanyol,"Juanda, Jawa Timur",Juanda,Jawa Timur,695,Negara
Spanyol,"Kertajati, Jawa Barat",Kertajati,Jawa Barat,6,Negara
Spanyol,"Kualanamu, Sumatera Utara",Kualanamu,Sumatera Utara,1727,Negara
Spanyol,"Minangkabau, Sumatera Barat",Minangkabau,Sumatera Barat,353,Negara
Spanyol,"Nangga Badau, Kalimantan Barat",Nangga Badau,Kalimantan Barat,1,Negara
Spanyol,"Ngurah Rai, Bali",Ngurah Rai,Bali,79599,Negara
Spanyol,Perbatasan darat,Perbatasan darat,Perbatasan darat,18,Negara
Spanyol,Perbatasan laut,Perbatasan laut,Perbatasan laut,19406,Negara
Spanyol,Pintu lainnya,Pintu lainnya,Pintu lainnya,380,Negara
Spanyol,"Sam Ratulangi, Sulawesi Utara",Sam Ratulangi,Sulawesi Utara,135,Negara
Spanyol,"Sepinggan, Kalimantan Timur",Sepinggan,Kalimantan Timur,16,Negara
Spanyol,"Skow, Papua",Skow,Papua,0,Negara
Spanyol,"Soekarno Hatta, Banten",Soekarno Hatta,Banten,35530,Negara
Spanyol,"Sultan Iskandar Muda, Aceh",Sultan Iskandar Muda,Aceh,133,Negara
Spanyol,"Sultan Syarif Kasim II, Riau",Sultan Syarif Kasim II,Riau,18,Negara
Spanyol,"Tanjung Balai Karimun, Kepulauan Riau",Tanjung Balai Karimun,Kepulauan Riau,2,Negara
Spanyol,"Tanjung Benoa, Bali",Tanjung Benoa,Bali,29,Negara
Spanyol,"Tanjung Pinang, Kepulauan Riau",Tanjung Pinang,Kepulauan Riau,40,Negara
Spanyol,"Tanjung Uban, Kepulauan Riau",Tanjung Uban,Kepulauan Riau,537,Negara
Sri Lanka,"Aruk, Kalimantan Barat",Aruk,Kalimantan Barat,0,Negara
Sri Lanka,"Atambua, NTT",Atambua,Nusa Tenggara Timur,3,Negara
Sri Lanka,"Bandara Internasional Lombok, NTB",Bandara Internasional Lombok,Nusa Tenggara Barat,16,Negara
Sri Lanka,"Bandara Internasional Yogyakarta, DIY",Bandara Internasional Yogyakarta,DI Yogyakarta,18,Negara
Sri Lanka,"Batam, Kepulauan Riau",Batam,Kepulauan Riau,247,Negara
Sri Lanka,"Dumai, Riau",Dumai,Riau,2,Negara
Sri Lanka,"Entikong, Kalimantan Barat",Entikong,Kalimantan Barat,0,Negara
Sri Lanka,"Halim Perdanakusuma, DK Jakarta",Halim Perdanakusuma,DKI Jakarta,0,Negara
Sri Lanka,"Hang Nadim, Kep. Riau",Hang Nadim,Kepulauan Riau,2,Negara
Sri Lanka,"Hasanuddin, Sulawesi Selatan",Hasanuddin,Sulawesi Selatan,3,Negara
Sri Lanka,"Juanda, Jawa Timur",Juanda,Jawa Timur,171,Negara
Sri Lanka,"Kertajati, Jawa Barat",Kertajati,Jawa Barat,1,Negara
Sri Lanka,"Kualanamu, Sumatera Utara",Kualanamu,Sumatera Utara,147,Negara
Sri Lanka,"Minangkabau, Sumatera Barat",Minangkabau,Sumatera Barat,32,Negara
Sri Lanka,"Nangga Badau, Kalimantan Barat",Nangga Badau,Kalimantan Barat,0,Negara
Sri Lanka,"Ngurah Rai, Bali",Ngurah Rai,Bali,4519,Negara
Sri Lanka,Perbatasan darat,Perbatasan darat,Perbatasan darat,21,Negara
Sri Lanka,Perbatasan laut,Perbatasan laut,Perbatasan laut,1538,Negara
Sri Lanka,Pintu lainnya,Pintu lainnya,Pintu lainnya,7,Negara
Sri Lanka,"Sam Ratulangi, Sulawesi Utara",Sam Ratulangi,Sulawesi Utara,21,Negara
Sri Lanka,"Sepinggan, Kalimantan Timur",Sepinggan,Kalimantan Timur,4,Negara
Sri Lanka,"Skow, Papua",Skow,Papua,0,Negara
Sri Lanka,"Soekarno Hatta, Banten",Soekarno Hatta,Banten,3359,Negara
Sri Lanka,"Sultan Iskandar Muda, Aceh",Sultan Iskandar Muda,Aceh,2,Negara
Sri Lanka,"Sultan Syarif Kasim II, Riau",Sultan Syarif Kasim II,Riau,9,Negara
Sri Lanka,"Tanjung Balai Karimun, Kepulauan Riau",Tanjung Balai Karimun,Kepulauan Riau,2,Negara
Sri Lanka,"Tanjung Benoa, Bali",Tanjung Benoa,Bali,0,Negara
Sri Lanka,"Tanjung Pinang, Kepulauan Riau",Tanjung Pinang,Kepulauan Riau,2,Negara
Sri Lanka,"Tanjung Uban, Kepulauan Riau",Tanjung Uban,Kepulauan Riau,52,Negara
Swedia,"Aruk, Kalimantan Barat",Aruk,Kalimantan Barat,2,Negara
Swedia,"Atambua, NTT",Atambua,Nusa Tenggara Timur,5,Negara
Swedia,"Bandara Internasional Lombok, NTB",Bandara Internasional Lombok,Nusa Tenggara Barat,487,Negara
Swedia,"Bandara Internasional Yogyakarta, DIY",Bandara Internasional Yogyakarta,DI Yogyakarta,74,Negara
Swedia,"Batam, Kepulauan Riau",Batam,Kepulauan Riau,537,Negara
Swedia,"Dumai, Riau",Dumai,Riau,1,Negara
Swedia,"Entikong, Kalimantan Barat",Entikong,Kalimantan Barat,7,Negara
Swedia,"Halim Perdanakusuma, DK Jakarta",Halim Perdanakusuma,DKI Jakarta,0,Negara
Swedia,"Hang Nadim, Kep. Riau",Hang Nadim,Kepulauan Riau,5,Negara
Swedia,"Hasanuddin, Sulawesi Selatan",Hasanuddin,Sulawesi Selatan,14,Negara
Swedia,"Juanda, Jawa Timur",Juanda,Jawa Timur,160,Negara
Swedia,"Kertajati, Jawa Barat",Kertajati,Jawa Barat,3,Negara
Swedia,"Kualanamu, Sumatera Utara",Kualanamu,Sumatera Utara,248,Negara
Swedia,"Minangkabau, Sumatera Barat",Minangkabau,Sumatera Barat,29,Negara
Swedia,"Nangga Badau, Kalimantan Barat",Nangga Badau,Kalimantan Barat,0,Negara
Swedia,"Ngurah Rai, Bali",Ngurah Rai,Bali,26034,Negara
Swedia,Perbatasan darat,Perbatasan darat,Perbatasan darat,1379,Negara
Swedia,Perbatasan laut,Perbatasan laut,Perbatasan laut,6205,Negara
Swedia,Pintu lainnya,Pintu lainnya,Pintu lainnya,152,Negara
Swedia,"Sam Ratulangi, Sulawesi Utara",Sam Ratulangi,Sulawesi Utara,115,Negara
Swedia,"Sepinggan, Kalimantan Timur",Sepinggan,Kalimantan Timur,14,Negara
Swedia,"Skow, Papua",Skow,Papua,0,Negara
Swedia,"Soekarno Hatta, Banten",Soekarno Hatta,Banten,4143,Negara
Swedia,"Sultan Iskandar Muda, Aceh",Sultan Iskandar Muda,Aceh,61,Negara
Swedia,"Sultan Syarif Kasim II, Riau",Sultan Syarif Kasim II,Riau,41,Negara
Swedia,"Tanjung Balai Karimun, Kepulauan Riau",Tanjung Balai Karimun,Kepulauan Riau,3,Negara
Swedia,"Tanjung Benoa, Bali",Tanjung Benoa,Bali,29,Negara
Swedia,"Tanjung Pinang, Kepulauan Riau",Tanjung Pinang,Kepulauan Riau,42,Negara
Swedia,"Tanjung Uban, Kepulauan Riau",Tanjung Uban,Kepulauan Riau,507,Negara
Swiss,"Aruk, Kalimantan Barat",Aruk,Kalimantan Barat,0,Negara
Swiss,"Atambua, NTT",Atambua,Nusa Tenggara Timur,16,Negara
Swiss,"Bandara Internasional Lombok, NTB",Bandara Internasional Lombok,Nusa Tenggara Barat,1356,Negara
Swiss,"Bandara Internasional Yogyakarta, DIY",Bandara Internasional Yogyakarta,DI Yogyakarta,818,Negara
Swiss,"Batam, Kepulauan Riau",Batam,Kepulauan Riau,627,Negara
Swiss,"Dumai, Riau",Dumai,Riau,17,Negara
Swiss,"Entikong, Kalimantan Barat",Entikong,Kalimantan Barat,8,Negara
Swiss,"Halim Perdanakusuma, DK Jakarta",Halim Perdanakusuma,DKI Jakarta,0,Negara
Swiss,"Hang Nadim, Kep. Riau",Hang Nadim,Kepulauan Riau,0,Negara
Swiss,"Hasanuddin, Sulawesi Selatan",Hasanuddin,Sulawesi Selatan,128,Negara
Swiss,"Juanda, Jawa Timur",Juanda,Jawa Timur,494,Negara
Swiss,"Kertajati, Jawa Barat",Kertajati,Jawa Barat,1,Negara
Swiss,"Kualanamu, Sumatera Utara",Kualanamu,Sumatera Utara,1383,Negara
Swiss,"Minangkabau, Sumatera Barat",Minangkabau,Sumatera Barat,84,Negara
Swiss,"Nangga Badau, Kalimantan Barat",Nangga Badau,Kalimantan Barat,0,Negara
Swiss,"Ngurah Rai, Bali",Ngurah Rai,Bali,39991,Negara
Swiss,Perbatasan darat,Perbatasan darat,Perbatasan darat,27,Negara
Swiss,Perbatasan laut,Perbatasan laut,Perbatasan laut,1635,Negara
Swiss,Pintu lainnya,Pintu lainnya,Pintu lainnya,331,Negara
Swiss,"Sam Ratulangi, Sulawesi Utara",Sam Ratulangi,Sulawesi Utara,801,Negara
Swiss,"Sepinggan, Kalimantan Timur",Sepinggan,Kalimantan Timur,48,Negara
Swiss,"Skow, Papua",Skow,Papua,3,Negara
Swiss,"Soekarno Hatta, Banten",Soekarno Hatta,Banten,9302,Negara
Swiss,"Sultan Iskandar Muda, Aceh",Sultan Iskandar Muda,Aceh,73,Negara
Swiss,"Sultan Syarif Kasim II, Riau",Sultan Syarif Kasim II,Riau,14,Negara
Swiss,"Tanjung Balai Karimun, Kepulauan Riau",Tanjung Balai Karimun,Kepulauan Riau,4,Negara
Swiss,"Tanjung Benoa, Bali",Tanjung Benoa,Bali,74,Negara
Swiss,"Tanjung Pinang, Kepulauan Riau",Tanjung Pinang,Kepulauan Riau,77,Negara
Swiss,"Tanjung Uban, Kepulauan Riau",Tanjung Uban,Kepulauan Riau,893,Negara
Taiwan,"Aruk, Kalimantan Barat",Aruk,Kalimantan Barat,511,Negara
Taiwan,"Atambua, NTT",Atambua,Nusa Tenggara Timur,4,Negara
Taiwan,"Bandara Internasional Lombok, NTB",Bandara Internasional Lombok,Nusa Tenggara Barat,539,Negara
Taiwan,"Bandara Internasional Yogyakarta, DIY",Bandara Internasional Yogyakarta,DI Yogyakarta,612,Negara
Taiwan,"Batam, Kepulauan Riau",Batam,Kepulauan Riau,6018,Negara
Taiwan,"Dumai, Riau",Dumai,Riau,51,Negara
Taiwan,"Entikong, Kalimantan Barat",Entikong,Kalimantan Barat,314,Negara
Taiwan,"Halim Perdanakusuma, DK Jakarta",Halim Perdanakusuma,DKI Jakarta,4,Negara
Taiwan,"Hang Nadim, Kep. Riau",Hang Nadim,Kepulauan Riau,44,Negara
Taiwan,"Hasanuddin, Sulawesi Selatan",Hasanuddin,Sulawesi Selatan,78,Negara
Taiwan,"Juanda, Jawa Timur",Juanda,Jawa Timur,5977,Negara
Taiwan,"Kertajati, Jawa Barat",Kertajati,Jawa Barat,1,Negara
Taiwan,"Kualanamu, Sumatera Utara",Kualanamu,Sumatera Utara,2548,Negara
Taiwan,"Minangkabau, Sumatera Barat",Minangkabau,Sumatera Barat,40,Negara
Taiwan,"Nangga Badau, Kalimantan Barat",Nangga Badau,Kalimantan Barat,2,Negara
Taiwan,"Ngurah Rai, Bali",Ngurah Rai,Bali,103467,Negara
Taiwan,Perbatasan darat,Perbatasan darat,Perbatasan darat,48,Negara
Taiwan,Perbatasan laut,Perbatasan laut,Perbatasan laut,2448,Negara
Taiwan,Pintu lainnya,Pintu lainnya,Pintu lainnya,151,Negara
Taiwan,"Sam Ratulangi, Sulawesi Utara",Sam Ratulangi,Sulawesi Utara,224,Negara
Taiwan,"Sepinggan, Kalimantan Timur",Sepinggan,Kalimantan Timur,30,Negara
Taiwan,"Skow, Papua",Skow,Papua,0,Negara
Taiwan,"Soekarno Hatta, Banten",Soekarno Hatta,Banten,55510,Negara
Taiwan,"Sultan Iskandar Muda, Aceh",Sultan Iskandar Muda,Aceh,40,Negara
Taiwan,"Sultan Syarif Kasim II, Riau",Sultan Syarif Kasim II,Riau,311,Negara
Taiwan,"Tanjung Balai Karimun, Kepulauan Riau",Tanjung Balai Karimun,Kepulauan Riau,90,Negara
Taiwan,"Tanjung Benoa, Bali",Tanjung Benoa,Bali,24,Negara
Taiwan,"Tanjung Pinang, Kepulauan Riau",Tanjung Pinang,Kepulauan Riau,1143,Negara
Taiwan,"Tanjung Uban, Kepulauan Riau",Tanjung Uban,Kepulauan Riau,3112,Negara
Thailand,"Aruk, Kalimantan Barat",Aruk,Kalimantan Barat,24,Negara
Thailand,"Atambua, NTT",Atambua,Nusa Tenggara Timur,24,Negara
Thailand,"Bandara Internasional Lombok, NTB",Bandara Internasional Lombok,Nusa Tenggara Barat,748,Negara
Thailand,"Bandara Internasional Yogyakarta, DIY",Bandara Internasional Yogyakarta,DI Yogyakarta,1287,Negara
Thailand,"Batam, Kepulauan Riau",Batam,Kepulauan Riau,3120,Negara
Thailand,"Dumai, Riau",Dumai,Riau,52,Negara
Thailand,"Entikong, Kalimantan Barat",Entikong,Kalimantan Barat,14,Negara
Thailand,"Halim Perdanakusuma, DK Jakarta",Halim Perdanakusuma,DKI Jakarta,120,Negara
Thailand,"Hang Nadim, Kep. Riau",Hang Nadim,Kepulauan Riau,37,Negara
Thailand,"Hasanuddin, Sulawesi Selatan",Hasanuddin,Sulawesi Selatan,41,Negara
Thailand,"Juanda, Jawa Timur",Juanda,Jawa Timur,4734,Negara
Thailand,"Kertajati, Jawa Barat",Kertajati,Jawa Barat,20,Negara
Thailand,"Kualanamu, Sumatera Utara",Kualanamu,Sumatera Utara,2810,Negara
Thailand,"Minangkabau, Sumatera Barat",Minangkabau,Sumatera Barat,264,Negara
Thailand,"Nangga Badau, Kalimantan Barat",Nangga Badau,Kalimantan Barat,1,Negara
Thailand,"Ngurah Rai, Bali",Ngurah Rai,Bali,37333,Negara
Thailand,Perbatasan darat,Perbatasan darat,Perbatasan darat,1575,Negara
Thailand,Perbatasan laut,Perbatasan laut,Perbatasan laut,27524,Negara
Thailand,Pintu lainnya,Pintu lainnya,Pintu lainnya,447,Negara
Thailand,"Sam Ratulangi, Sulawesi Utara",Sam Ratulangi,Sulawesi Utara,122,Negara
Thailand,"Sepinggan, Kalimantan Timur",Sepinggan,Kalimantan Timur,40,Negara
Thailand,"Skow, Papua",Skow,Papua,2,Negara
Thailand,"Soekarno Hatta, Banten",Soekarno Hatta,Banten,37877,Negara
Thailand,"Sultan Iskandar Muda, Aceh",Sultan Iskandar Muda,Aceh,310,Negara
Thailand,"Sultan Syarif Kasim II, Riau",Sultan Syarif Kasim II,Riau,293,Negara
Thailand,"Tanjung Balai Karimun, Kepulauan Riau",Tanjung Balai Karimun,Kepulauan Riau,81,Negara
Thailand,"Tanjung Benoa, Bali",Tanjung Benoa,Bali,18,Negara
Thailand,"Tanjung Pinang, Kepulauan Riau",Tanjung Pinang,Kepulauan Riau,83,Negara
Thailand,"Tanjung Uban, Kepulauan Riau",Tanjung Uban,Kepulauan Riau,663,Negara
Timor Leste,"Aruk, Kalimantan Barat",Aruk,Kalimantan Barat,0,Negara
Timor Leste,"Atambua, NTT",Atambua,Nusa Tenggara Timur,122522,Negara
Timor Leste,"Bandara Internasional Lombok, NTB",Bandara Internasional Lombok,Nusa Tenggara Barat,1,Negara
Timor Leste,"Bandara Internasional Yogyakarta, DIY",Bandara Internasional Yogyakarta,DI Yogyakarta,18,Negara
Timor Leste,"Batam, Kepulauan Riau",Batam,Kepulauan Riau,34,Negara
Timor Leste,"Dumai, Riau",Dumai,Riau,0,Negara
Timor Leste,"Entikong, Kalimantan Barat",Entikong,Kalimantan Barat,0,Negara
Timor Leste,"Halim Perdanakusuma, DK Jakarta",Halim Perdanakusuma,DKI Jakarta,0,Negara
Timor Leste,"Hang Nadim, Kep. Riau",Hang Nadim,Kepulauan Riau,0,Negara
Timor Leste,"Hasanuddin, Sulawesi Selatan",Hasanuddin,Sulawesi Selatan,1,Negara
Timor Leste,"Juanda, Jawa Timur",Juanda,Jawa Timur,145,Negara
Timor Leste,"Kertajati, Jawa Barat",Kertajati,Jawa Barat,0,Negara
Timor Leste,"Kualanamu, Sumatera Utara",Kualanamu,Sumatera Utara,11,Negara
Timor Leste,"Minangkabau, Sumatera Barat",Minangkabau,Sumatera Barat,1,Negara
Timor Leste,"Nangga Badau, Kalimantan Barat",Nangga Badau,Kalimantan Barat,5,Negara
Timor Leste,"Ngurah Rai, Bali",Ngurah Rai,Bali,42707,Negara
Timor Leste,Perbatasan darat,Perbatasan darat,Perbatasan darat,604751,Negara
Timor Leste,Perbatasan laut,Perbatasan laut,Perbatasan laut,4902,Negara
Timor Leste,Pintu lainnya,Pintu lainnya,Pintu lainnya,5,Negara
Timor Leste,"Sam Ratulangi, Sulawesi Utara",Sam Ratulangi,Sulawesi Utara,1,Negara
Timor Leste,"Sepinggan, Kalimantan Timur",Sepinggan,Kalimantan Timur,0,Negara
Timor Leste,"Skow, Papua",Skow,Papua,0,Negara
Timor Leste,"Soekarno Hatta, Banten",Soekarno Hatta,Banten,1187,Negara
Timor Leste,"Sultan Iskandar Muda, Aceh",Sultan Iskandar Muda,Aceh,0,Negara
Timor Leste,"Sultan Syarif Kasim II, Riau",Sultan Syarif Kasim II,Riau,0,Negara
Timor Leste,"Tanjung Balai Karimun, Kepulauan Riau",Tanjung Balai Karimun,Kepulauan Riau,0,Negara
Timor Leste,"Tanjung Benoa, Bali",Tanjung Benoa,Bali,0,Negara
Timor Leste,"Tanjung Pinang, Kepulauan Riau",Tanjung Pinang,Kepulauan Riau,0,Negara
Timor Leste,"Tanjung Uban, Kepulauan Riau",Tanjung Uban,Kepulauan Riau,3,Negara
Timur Tengah Lainnya,"Aruk, Kalimantan Barat",Aruk,Kalimantan Barat,1,Kelompok
Timur Tengah Lainnya,"Atambua, NTT",Atambua,Nusa Tenggara Timur,2,Kelompok
Timur Tengah Lainnya,"Bandara Internasional Lombok, NTB",Bandara Internasional Lombok,Nusa Tenggara Barat,59,Kelompok
Timur Tengah Lainnya,"Bandara Internasional Yogyakarta, DIY",Bandara Internasional Yogyakarta,DI Yogyakarta,60,Kelompok
Timur Tengah Lainnya,"Batam, Kepulauan Riau",Batam,Kepulauan Riau,200,Kelompok
Timur Tengah Lainnya,"Dumai, Riau",Dumai,Riau,5,Kelompok
Timur Tengah Lainnya,"Entikong, Kalimantan Barat",Entikong,Kalimantan Barat,0,Kelompok
Timur Tengah Lainnya,"Halim Perdanakusuma, DK Jakarta",Halim Perdanakusuma,DKI Jakarta,3,Kelompok
Timur Tengah Lainnya,"Hang Nadim, Kep. Riau",Hang Nadim,Kepulauan Riau,13,Kelompok
Timur Tengah Lainnya,"Hasanuddin, Sulawesi Selatan",Hasanuddin,Sulawesi Selatan,6,Kelompok
Timur Tengah Lainnya,"Juanda, Jawa Timur",Juanda,Jawa Timur,88,Kelompok
Timur Tengah Lainnya,"Kertajati, Jawa Barat",Kertajati,Jawa Barat,2,Kelompok
Timur Tengah Lainnya,"Kualanamu, Sumatera Utara",Kualanamu,Sumatera Utara,131,Kelompok
Timur Tengah Lainnya,"Minangkabau, Sumatera Barat",Minangkabau,Sumatera Barat,25,Kelompok
Timur Tengah Lainnya,"Nangga Badau, Kalimantan Barat",Nangga Badau,Kalimantan Barat,0,Kelompok
Timur Tengah Lainnya,"Ngurah Rai, Bali",Ngurah Rai,Bali,23422,Kelompok
Timur Tengah Lainnya,Perbatasan darat,Perbatasan darat,Perbatasan darat,43,Kelompok
Timur Tengah Lainnya,Perbatasan laut,Perbatasan laut,Perbatasan laut,364,Kelompok
Timur Tengah Lainnya,Pintu lainnya,Pintu lainnya,Pintu lainnya,14,Kelompok
Timur Tengah Lainnya,"Sam Ratulangi, Sulawesi Utara",Sam Ratulangi,Sulawesi Utara,3,Kelompok
Timur Tengah Lainnya,"Sepinggan, Kalimantan Timur",Sepinggan,Kalimantan Timur,5,Kelompok
Timur Tengah Lainnya,"Skow, Papua",Skow,Papua,0,Kelompok
Timur Tengah Lainnya,"Soekarno Hatta, Banten",Soekarno Hatta,Banten,20111,Kelompok
Timur Tengah Lainnya,"Sultan Iskandar Muda, Aceh",Sultan Iskandar Muda,Aceh,16,Kelompok
Timur Tengah Lainnya,"Sultan Syarif Kasim II, Riau",Sultan Syarif Kasim II,Riau,21,Kelompok
Timur Tengah Lainnya,"Tanjung Balai Karimun, Kepulauan Riau",Tanjung Balai Karimun,Kepulauan Riau,4,Kelompok
Timur Tengah Lainnya,"Tanjung Benoa, Bali",Tanjung Benoa,Bali,1,Kelompok
Timur Tengah Lainnya,"Tanjung Pinang, Kepulauan Riau",Tanjung Pinang,Kepulauan Riau,0,Kelompok
Timur Tengah Lainnya,"Tanjung Uban, Kepulauan Riau",Tanjung Uban,Kepulauan Riau,36,Kelompok
Tiongkok,"Aruk, Kalimantan Barat",Aruk,Kalimantan Barat,478,Negara
Tiongkok,"Atambua, NTT",Atambua,Nusa Tenggara Timur,529,Negara
Tiongkok,"Bandara Internasional Lombok, NTB",Bandara Internasional Lombok,Nusa Tenggara Barat,6111,Negara
Tiongkok,"Bandara Internasional Yogyakarta, DIY",Bandara Internasional Yogyakarta,DI Yogyakarta,5778,Negara
Tiongkok,"Batam, Kepulauan Riau",Batam,Kepulauan Riau,42833,Negara
Tiongkok,"Dumai, Riau",Dumai,Riau,76,Negara
Tiongkok,"Entikong, Kalimantan Barat",Entikong,Kalimantan Barat,258,Negara
Tiongkok,"Halim Perdanakusuma, DK Jakarta",Halim Perdanakusuma,DKI Jakarta,275,Negara
Tiongkok,"Hang Nadim, Kep. Riau",Hang Nadim,Kepulauan Riau,1482,Negara
Tiongkok,"Hasanuddin, Sulawesi Selatan",Hasanuddin,Sulawesi Selatan,484,Negara
Tiongkok,"Juanda, Jawa Timur",Juanda,Jawa Timur,93292,Negara
Tiongkok,"Kertajati, Jawa Barat",Kertajati,Jawa Barat,66,Negara
Tiongkok,"Kualanamu, Sumatera Utara",Kualanamu,Sumatera Utara,6754,Negara
Tiongkok,"Minangkabau, Sumatera Barat",Minangkabau,Sumatera Barat,328,Negara
Tiongkok,"Nangga Badau, Kalimantan Barat",Nangga Badau,Kalimantan Barat,70,Negara
Tiongkok,"Ngurah Rai, Bali",Ngurah Rai,Bali,448278,Negara
Tiongkok,Perbatasan darat,Perbatasan darat,Perbatasan darat,802,Negara
Tiongkok,Perbatasan laut,Perbatasan laut,Perbatasan laut,47757,Negara
Tiongkok,Pintu lainnya,Pintu lainnya,Pintu lainnya,1284,Negara
Tiongkok,"Sam Ratulangi, Sulawesi Utara",Sam Ratulangi,Sulawesi Utara,31493,Negara
Tiongkok,"Sepinggan, Kalimantan Timur",Sepinggan,Kalimantan Timur,290,Negara
Tiongkok,"Skow, Papua",Skow,Papua,159,Negara
Tiongkok,"Soekarno Hatta, Banten",Soekarno Hatta,Banten,475784,Negara
Tiongkok,"Sultan Iskandar Muda, Aceh",Sultan Iskandar Muda,Aceh,945,Negara
Tiongkok,"Sultan Syarif Kasim II, Riau",Sultan Syarif Kasim II,Riau,1165,Negara
Tiongkok,"Tanjung Balai Karimun, Kepulauan Riau",Tanjung Balai Karimun,Kepulauan Riau,458,Negara
Tiongkok,"Tanjung Benoa, Bali",Tanjung Benoa,Bali,124,Negara
Tiongkok,"Tanjung Pinang, Kepulauan Riau",Tanjung Pinang,Kepulauan Riau,6515,Negara
Tiongkok,"Tanjung Uban, Kepulauan Riau",Tanjung Uban,Kepulauan Riau,24714,Negara
Uni Emirat Arab,"Aruk, Kalimantan Barat",Aruk,Kalimantan Barat,1,Negara
Uni Emirat Arab,"Atambua, NTT",Atambua,Nusa Tenggara Timur,0,Negara
Uni Emirat Arab,"Bandara Internasional Lombok, NTB",Bandara Internasional Lombok,Nusa Tenggara Barat,3,Negara
Uni Emirat Arab,"Bandara Internasional Yogyakarta, DIY",Bandara Internasional Yogyakarta,DI Yogyakarta,0,Negara
Uni Emirat Arab,"Batam, Kepulauan Riau",Batam,Kepulauan Riau,20,Negara
Uni Emirat Arab,"Dumai, Riau",Dumai,Riau,0,Negara
Uni Emirat Arab,"Entikong, Kalimantan Barat",Entikong,Kalimantan Barat,0,Negara
Uni Emirat Arab,"Halim Perdanakusuma, DK Jakarta",Halim Perdanakusuma,DKI Jakarta,0,Negara
Uni Emirat Arab,"Hang Nadim, Kep. Riau",Hang Nadim,Kepulauan Riau,0,Negara
Uni Emirat Arab,"Hasanuddin, Sulawesi Selatan",Hasanuddin,Sulawesi Selatan,1,Negara
Uni Emirat Arab,"Juanda, Jawa Timur",Juanda,Jawa Timur,81,Negara
Uni Emirat Arab,"Kertajati, Jawa Barat",Kertajati,Jawa Barat,1,Negara
Uni Emirat Arab,"Kualanamu, Sumatera Utara",Kualanamu,Sumatera Utara,8,Negara
Uni Emirat Arab,"Minangkabau, Sumatera Barat",Minangkabau,Sumatera Barat,0,Negara
Uni Emirat Arab,"Nangga Badau, Kalimantan Barat",Nangga Badau,Kalimantan Barat,0,Negara
Uni Emirat Arab,"Ngurah Rai, Bali",Ngurah Rai,Bali,4364,Negara
Uni Emirat Arab,Perbatasan darat,Perbatasan darat,Perbatasan darat,10,Negara
Uni Emirat Arab,Perbatasan laut,Perbatasan laut,Perbatasan laut,1212,Negara
Uni Emirat Arab,Pintu lainnya,Pintu lainnya,Pintu lainnya,2,Negara
Uni Emirat Arab,"Sam Ratulangi, Sulawesi Utara",Sam Ratulangi,Sulawesi Utara,0,Negara
Uni Emirat Arab,"Sepinggan, Kalimantan Timur",Sepinggan,Kalimantan Timur,0,Negara
Uni Emirat Arab,"Skow, Papua",Skow,Papua,0,Negara
Uni Emirat Arab,"Soekarno Hatta, Banten",Soekarno Hatta,Banten,3406,Negara
Uni Emirat Arab,"Sultan Iskandar Muda, Aceh",Sultan Iskandar Muda,Aceh,1,Negara
Uni Emirat Arab,"Sultan Syarif Kasim II, Riau",Sultan Syarif Kasim II,Riau,1,Negara
Uni Emirat Arab,"Tanjung Balai Karimun, Kepulauan Riau",Tanjung Balai Karimun,Kepulauan Riau,0,Negara
Uni Emirat Arab,"Tanjung Benoa, Bali",Tanjung Benoa,Bali,0,Negara
Uni Emirat Arab,"Tanjung Pinang, Kepulauan Riau",Tanjung Pinang,Kepulauan Riau,1,Negara
Uni Emirat Arab,"Tanjung Uban, Kepulauan Riau",Tanjung Uban,Kepulauan Riau,8,Negara
Vietnam,"Aruk, Kalimantan Barat",Aruk,Kalimantan Barat,20,Negara
Vietnam,"Atambua, NTT",Atambua,Nusa Tenggara Timur,77,Negara
Vietnam,"Bandara Internasional Lombok, NTB",Bandara Internasional Lombok,Nusa Tenggara Barat,153,Negara
Vietnam,"Bandara Internasional Yogyakarta, DIY",Bandara Internasional Yogyakarta,DI Yogyakarta,248,Negara
Vietnam,"Batam, Kepulauan Riau",Batam,Kepulauan Riau,16405,Negara
Vietnam,"Dumai, Riau",Dumai,Riau,7,Negara
Vietnam,"Entikong, Kalimantan Barat",Entikong,Kalimantan Barat,41,Negara
Vietnam,"Halim Perdanakusuma, DK Jakarta",Halim Perdanakusuma,DKI Jakarta,4,Negara
Vietnam,"Hang Nadim, Kep. Riau",Hang Nadim,Kepulauan Riau,65,Negara
Vietnam,"Hasanuddin, Sulawesi Selatan",Hasanuddin,Sulawesi Selatan,31,Negara
Vietnam,"Juanda, Jawa Timur",Juanda,Jawa Timur,1597,Negara
Vietnam,"Kertajati, Jawa Barat",Kertajati,Jawa Barat,2,Negara
Vietnam,"Kualanamu, Sumatera Utara",Kualanamu,Sumatera Utara,816,Negara
Vietnam,"Minangkabau, Sumatera Barat",Minangkabau,Sumatera Barat,69,Negara
Vietnam,"Nangga Badau, Kalimantan Barat",Nangga Badau,Kalimantan Barat,0,Negara
Vietnam,"Ngurah Rai, Bali",Ngurah Rai,Bali,55042,Negara
Vietnam,Perbatasan darat,Perbatasan darat,Perbatasan darat,1673,Negara
Vietnam,Perbatasan laut,Perbatasan laut,Perbatasan laut,6326,Negara
Vietnam,Pintu lainnya,Pintu lainnya,Pintu lainnya,123,Negara
Vietnam,"Sam Ratulangi, Sulawesi Utara",Sam Ratulangi,Sulawesi Utara,18,Negara
Vietnam,"Sepinggan, Kalimantan Timur",Sepinggan,Kalimantan Timur,22,Negara
Vietnam,"Skow, Papua",Skow,Papua,5,Negara
Vietnam,"Soekarno Hatta, Banten",Soekarno Hatta,Banten,22761,Negara
Vietnam,"Sultan Iskandar Muda, Aceh",Sultan Iskandar Muda,Aceh,87,Negara
Vietnam,"Sultan Syarif Kasim II, Riau",Sultan Syarif Kasim II,Riau,125,Negara
Vietnam,"Tanjung Balai Karimun, Kepulauan Riau",Tanjung Balai Karimun,Kepulauan Riau,42,Negara
Vietnam,"Tanjung Benoa, Bali",Tanjung Benoa,Bali,6,Negara
Vietnam,"Tanjung Pinang, Kepulauan Riau",Tanjung Pinang,Kepulauan Riau,130,Negara
Vietnam,"Tanjung Uban, Kepulauan Riau",Tanjung Uban,Kepulauan Riau,735,Negara
Yaman,"Aruk, Kalimantan Barat",Aruk,Kalimantan Barat,0,Negara
Yaman,"Atambua, NTT",Atambua,Nusa Tenggara Timur,0,Negara
Yaman,"Bandara Internasional Lombok, NTB",Bandara Internasional Lombok,Nusa Tenggara Barat,7,Negara
Yaman,"Bandara Internasional Yogyakarta, DIY",Bandara Internasional Yogyakarta,DI Yogyakarta,9,Negara
Yaman,"Batam, Kepulauan Riau",Batam,Kepulauan Riau,9,Negara
Yaman,"Dumai, Riau",Dumai,Riau,5,Negara
Yaman,"Entikong, Kalimantan Barat",Entikong,Kalimantan Barat,3,Negara
Yaman,"Halim Perdanakusuma, DK Jakarta",Halim Perdanakusuma,DKI Jakarta,0,Negara
Yaman,"Hang Nadim, Kep. Riau",Hang Nadim,Kepulauan Riau,4,Negara
Yaman,"Hasanuddin, Sulawesi Selatan",Hasanuddin,Sulawesi Selatan,3,Negara
Yaman,"Juanda, Jawa Timur",Juanda,Jawa Timur,87,Negara
Yaman,"Kertajati, Jawa Barat",Kertajati,Jawa Barat,7,Negara
Yaman,"Kualanamu, Sumatera Utara",Kualanamu,Sumatera Utara,58,Negara
Yaman,"Minangkabau, Sumatera Barat",Minangkabau,Sumatera Barat,11,Negara
Yaman,"Nangga Badau, Kalimantan Barat",Nangga Badau,Kalimantan Barat,0,Negara
Yaman,"Ngurah Rai, Bali",Ngurah Rai,Bali,1088,Negara
Yaman,Perbatasan darat,Perbatasan darat,Perbatasan darat,0,Negara
Yaman,Perbatasan laut,Perbatasan laut,Perbatasan laut,0,Negara
Yaman,Pintu lainnya,Pintu lainnya,Pintu lainnya,1,Negara
Yaman,"Sam Ratulangi, Sulawesi Utara",Sam Ratulangi,Sulawesi Utara,0,Negara
Yaman,"Sepinggan, Kalimantan Timur",Sepinggan,Kalimantan Timur,3,Negara
Yaman,"Skow, Papua",Skow,Papua,0,Negara
Yaman,"Soekarno Hatta, Banten",Soekarno Hatta,Banten,5432,Negara
Yaman,"Sultan Iskandar Muda, Aceh",Sultan Iskandar Muda,Aceh,2,Negara
Yaman,"Sultan Syarif Kasim II, Riau",Sultan Syarif Kasim II,Riau,7,Negara
Yaman,"Tanjung Balai Karimun, Kepulauan Riau",Tanjung Balai Karimun,Kepulauan Riau,1,Negara
Yaman,"Tanjung Benoa, Bali",Tanjung Benoa,Bali,0,Negara
Yaman,"Tanjung Pinang, Kepulauan Riau",Tanjung Pinang,Kepulauan Riau,2,Negara
Yaman,"Tanjung Uban, Kepulauan Riau",Tanjung Uban,Kepulauan Riau,0,Negara
